Semiconductors,gap
Ag1Al0.5Ga0.5Te2_kesterite,1.26
Ag1Al0.5Ga0.5Te2_stannite,0.63
Ag1Al0.5In0.5S1Se1_kesterite,1.64
Ag1Al0.5In0.5S1Se1_stannite,1.36
Ag1Al0.5In0.5S2_kesterite,2.02
Ag1Al0.5In0.5Te2_kesterite,1.14
Ag1Al0.5In0.5Te2_stannite,0.66
Ag1Al1S2_kesterite,3.09
Ag1Al1S2_stannite,2.62
Ag1Al1Se2_kesterite,2.2
Ag1Al1Se2_stannite,1.68
Ag1Al1Te2_kesterite,1.82
Ag1Al1Te2_stannite,1.15
Ag1Ga0.5In0.5S1Se1_kesterite,1.25
Ag1Ga0.5In0.5S1Se1_stannite,1.01
Ag1Ga0.5In0.5Te2_kesterite,0.78
Ag1Ga0.5In0.5Te2_stannite,0.29
Ag1Ga1S1Te1_kesterite,1.33
Ag1Ga1S1Te1_stannite,0.15
Ag1Ga1S2_kesterite,2.19
Ag1Ga1S2_stannite,1.75
Ag1Ga1Se2_kesterite,1.29
Ag1Ga1Se2_stannite,0.76
Ag1Ga1Te2_kesterite,0.93
Ag1Ga1Te2_stannite,0.2
Ag1In1S2_kesterite,1.39
Ag1In1S2_stannite,1.22
Ag1In1Se2_kesterite,0.8
Ag1In1Se2_stannite,0.56
Ag1In1Te2_kesterite,0.67
Ag1In1Te2_stannite,0.36
Ag2Ba1Ge1S4_kesterite,2.05
Ag2Ba1Ge1S4_stannite,1.68
Ag2Ba1Ge1Se4_kesterite,1.35
Ag2Ba1Ge1Se4_stannite,0.86
Ag2Ba1Ge1Te4_kesterite,0.72
Ag2Ba1Ge1Te4_stannite,0.21
Ag2Ba1Sn1S4_kesterite,1.89
Ag2Ba1Sn1S4_stannite,1.17
Ag2Ba1Sn1Se4_kesterite,1.29
Ag2Ba1Sn1Se4_stannite,0.54
Ag2Ba1Sn1Te4_kesterite,0.73
Ag2Ba1Sn1Te4_stannite,0.28
Ag2Ca0.5Sr0.5Sn0.5Ge0.5S2Te2_kesterite,1.02
Ag2Ca1Ge1S4_kesterite,2.45
Ag2Ca1Ge1S4_stannite,2.46
Ag2Ca1Ge1Se4_kesterite,1.71
Ag2Ca1Ge1Se4_stannite,1.69
Ag2Ca1Ge1Te4_kesterite,0.97
Ag2Ca1Ge1Te4_stannite,1.22
Ag2Ca1Sn1S4_kesterite,2.1
Ag2Ca1Sn1S4_stannite,2.06
Ag2Ca1Sn1Se4_kesterite,1.43
Ag2Ca1Sn1Se4_stannite,1.41
Ag2Ca1Sn1Te4_kesterite,0.97
Ag2Ca1Sn1Te4_stannite,1.14
Ag2Cd1Ge1S4_kesterite,1.02
Ag2Cd1Ge1S4_stannite,0.73
Ag2Cd1Ge1Se4_kesterite,1.02
Ag2Cd1Ge1Se4_stannite,0.73
Ag2Cd1Ge1Te4_kesterite,0.52
Ag2Cd1Ge1Te4_stannite,0.25
Ag2Cd1Sn1S4_kesterite,1.41
Ag2Cd1Sn1S4_stannite,1.24
Ag2Cd1Sn1Se4_kesterite,0.74
Ag2Cd1Sn1Se4_stannite,0.55
Ag2Cd1Sn1Te4_kesterite,0.48
Ag2Cd1Sn1Te4_stannite,0.26
Ag2Mg0.5Ba0.5Sn0.5Ge0.5S2Se2_kesterite,1.23
Ag2Mg0.5Ba0.5Sn0.5Ge0.5S2Se2_stannite,1.54
Ag2Mg0.5Zn0.5Sn1S1Se1Te2_kesterite,0.81
Ag2Mg0.5Zn0.5Sn1S1Se1Te2_stannite,0.39
Ag2Mg1Ge1S4_kesterite,2.4
Ag2Mg1Ge1S4_stannite,1.98
Ag2Mg1Ge1Se4_kesterite,1.46
Ag2Mg1Ge1Se4_stannite,1.09
Ag2Mg1Ge1Te4_kesterite,0.87
Ag2Mg1Ge1Te4_stannite,0.55
Ag2Mg1Sn1S4_kesterite,1.88
Ag2Mg1Sn1S4_stannite,1.61
Ag2Mg1Sn1Se4_kesterite,1.21
Ag2Mg1Sn1Se4_stannite,0.92
Ag2Mg1Sn1Te4_kesterite,0.81
Ag2Mg1Sn1Te4_stannite,0.59
Ag2Sr1Ge1S4_kesterite,2.25
Ag2Sr1Ge1S4_stannite,1.36
Ag2Sr1Ge1Se4_kesterite,1.56
Ag2Sr1Ge1Se4_stannite,0.6
Ag2Sr1Ge1Te4_kesterite,0.81
Ag2Sr1Ge1Te4_stannite,0.28
Ag2Sr1Sn1S4_kesterite,2
Ag2Sr1Sn1S4_stannite,0.89
Ag2Sr1Sn1Se4_kesterite,1.32
Ag2Sr1Sn1Se4_stannite,0.16
Ag2Sr1Sn1Te4_kesterite,0.86
Ag2Sr1Sn1Te4_stannite,1.42
Ag2Zn1Ge1S4_kesterite,2.14
Ag2Zn1Ge1S4_stannite,1.7
Ag2Zn1Ge1Se4_kesterite,1.17
Ag2Zn1Ge1Se4_stannite,0.69
Ag2Zn1Ge1Te4_kesterite,0.62
Ag2Zn1Ge1Te4_stannite,0.06
Ag2Zn1Sn1S4_kesterite,1.58
Ag2Zn1Sn1S4_stannite,1.29
Ag2Zn1Sn1Se4_kesterite,0.87
Ag2Zn1Sn1Se4_stannite,0.52
Ag2Zn1Sn1Te4_kesterite,0.58
Ag2Zn1Sn1Te4_stannite,0.13
Cs0.5Ag0.5Al0.5Ga0.5S1Se1_kesterite,2.31
Cs0.5Ag0.5Al0.5Ga0.5S1Se1_stannite,1.28
Cs0.5Ag0.5Al0.5In0.5S1Se1_kesterite,2.41
Cs0.5Ag0.5Al0.5In0.5S1Se1_stannite,1.41
Cs0.5Ag0.5Al0.5In0.5S1Te1_kesterite,0.4
Cs0.5Ag0.5Al0.5In0.5S1Te1_stannite,0.6
Cs0.5Ag0.5Al0.5In0.5S2_kesterite,2.35
Cs0.5Ag0.5Al0.5In0.5Te2_kesterite,0.3
Cs0.5Ag0.5Al0.5In0.5Te2_stannite,0.74
Cs0.5Ag0.5Al1S1Se1_kesterite,2.78
Cs0.5Ag0.5Al1Se1Te1_kesterite,1.95
Cs0.5Ag0.5Al1Se1Te1_stannite,0.73
Cs0.5Ag0.5Ga0.5In0.5S1Te1_kesterite,0.27
Cs0.5Ag0.5Ga0.5In0.5S1Te1_stannite,0.41
Cs0.5Ag0.5Ga1Se2_kesterite,0.36
Cs0.5Ag0.5Ga1Se2_stannite,0.78
Cs0.5Ag0.5Ga1Te2_kesterite,0.53
Cs0.5Ag0.5In1S1Te1_kesterite,0.33
Cs0.5Ag0.5In1S1Te1_stannite,0.54
Cs0.5Ag0.5In1Se2_kesterite,1.51
Cs0.5Ag0.5In1Se2_stannite,0.83
Cs0.5Cu0.5Ag1Mg0.5Ca0.5Ge1Se1Te3_kesterite,1.07
Cs0.5Cu0.5Ag1Mg0.5Ca0.5Ge1Se1Te3_stannite,0.2
Cs0.5Cu0.5Ag1Zn0.5Cd0.5Sn0.5Ge0.5S3Se1_stannite,1
Cs0.5Cu0.5Al0.5Ga0.5S1Se1_kesterite,-0.02
Cs0.5Cu0.5Al0.5Ga0.5S1Se1_stannite,1.26
Cs0.5Cu0.5Al0.5Ga0.5S2_stannite,0.77
Cs0.5Cu0.5Al0.5Ga0.5Se1Te1_stannite,0.61
Cs0.5Cu0.5Al0.5In0.5S1Te1_kesterite,-0.22
Cs0.5Cu0.5Al0.5In0.5S1Te1_stannite,0.56
Cs0.5Cu0.5Al0.5In0.5Se1Te1_kesterite,0.91
Cs0.5Cu0.5Al0.5In0.5Se1Te1_stannite,0.69
Cs0.5Cu0.5Al0.5In0.5Se2_stannite,0.85
Cs0.5Cu0.5Al1S1Se1_kesterite,0.24
Cs0.5Cu0.5Al1S1Se1_stannite,1.48
Cs0.5Cu0.5Al1S2_stannite,0.83
Cs0.5Cu0.5Al1Se1Te1_stannite,0.83
Cs0.5Cu0.5Ga0.5In0.5S1Se1_kesterite,0.36
Cs0.5Cu0.5Ga0.5In0.5S1Se1_stannite,0.88
Cs0.5Cu0.5Ga1S1Te1_kesterite,0.28
Cs0.5Cu0.5Ga1S1Te1_stannite,0.09
Cs0.5Cu0.5In1S1Se1_stannite,1.21
Cs0.5Cu0.5In1S1Te1_kesterite,0.19
Cs0.5Cu0.5In1S1Te1_stannite,0.58
Cs0.5Cu0.5In1S2_kesterite,0.26
Cs0.5Cu0.5In1S2_stannite,1.33
Cs0.5Cu0.5In1Se1Te1_kesterite,0.43
Cs0.5Cu0.5In1Se1Te1_stannite,0.6
Cs0.5Cu1.5Ba0.5Cd0.5Sn1S4_stannite,1.16
Cs0.5Cu1.5Mg0.5Ca0.5Sn1Se4_kesterite,1.6
Cs0.5Cu1.5Mg0.5Ca0.5Sn1Se4_stannite,0.25
Cs0.5Cu1.5Zn1Sn1S1Se1Te2_kesterite,0.83
Cs0.5Cu1.5Zn1Sn1S1Se1Te2_stannite,0.26
Cs1.5Ag0.5Mg1Sn1S2Se2_kesterite,2.56
Cs1.5Ag0.5Mg1Sn1S2Se2_stannite,1.66
Cs1.5Ag0.5Sr1Ge1S3Se1_kesterite,3.15
Cs1Ag1Ca0.5Sr0.5Ge1S1Se2Te1_kesterite,1.33
Cs1Ag1Ca0.5Sr0.5Ge1S1Se2Te1_stannite,1.59
Cs1Al0.5Ga0.5Se1Te1_kesterite,2.48
Cs1Al0.5Ga0.5Se1Te1_stannite,0.57
Cs1Al0.5In0.5S1Te1_kesterite,2.69
Cs1Al0.5In0.5S1Te1_stannite,0.55
Cs1Al0.5In0.5Se1Te1_kesterite,2.41
Cs1Al0.5In0.5Se1Te1_stannite,0.71
Cs1Al1S2_kesterite,4.41
Cs1Al1Se1Te1_kesterite,3.06
Cs1Al1Se1Te1_stannite,0.81
Cs1Al1Se2_kesterite,3.69
Cs1Al1Se2_stannite,1.85
Cs1Al1Te2_stannite,0.9
Cs1Cu0.5Ag0.5Ba0.5Zn0.5Sn1S1Se1Te2_stannite,0.73
Cs1Cu0.5Ag0.5Cd1Ge1S3Te1_kesterite,0.32
Cs1Cu0.5Ag0.5Cd1Ge1S3Te1_stannite,0.37
Cs1Cu0.5Ag0.5Mg0.5Ba0.5Sn0.5Ge0.5S1Se2Te1_stannite,1.1
Cs1Cu0.5Ag0.5Sr0.5Ba0.5Sn0.5Ge0.5S3Te1_stannite,1.71
Cs1Cu0.5Ag0.5Sr1Ge1S1Se2Te1_kesterite,0.95
Cs1Cu0.5Ag0.5Sr1Ge1S2Te2_stannite,1.62
Cs1Cu1Ba0.5Cd0.5Ge1Se4_stannite,0.74
Cs1Cu1Sr1Sn0.5Ge0.5S1Te3_stannite,1.05
Cs1Ga0.5In0.5Se2_kesterite,2.34
Cs1Ga0.5In0.5Se2_stannite,1.45
Cs1Ga0.5In0.5Te2_stannite,0.73
Cs1Ga1S2_kesterite,3.63
Cs1Ga1S2_stannite,2.07
Cs1Ga1Se2_kesterite,2.65
Cs1Ga1Se2_stannite,1.41
Cs1Ga1Te2_kesterite,1.89
Cs1Ga1Te2_stannite,0.65
Cs1In1S2_kesterite,2.84
Cs1In1S2_stannite,1.76
Cs1In1Se2_kesterite,2.24
Cs1In1Se2_stannite,1.59
Cs1In1Te2_kesterite,1.72
Cs1In1Te2_stannite,0.98
Cs2Ba1Ge1S4_kesterite,3.33
Cs2Ba1Ge1S4_stannite,2.73
Cs2Ba1Ge1Se4_kesterite,2.62
Cs2Ba1Ge1Se4_stannite,2.17
Cs2Ba1Ge1Te4_kesterite,1.56
Cs2Ba1Ge1Te4_stannite,1.57
Cs2Ba1Sn1S4_kesterite,3.48
Cs2Ba1Sn1S4_stannite,2.84
Cs2Ba1Sn1Se4_kesterite,2.79
Cs2Ba1Sn1Se4_stannite,2.27
Cs2Ba1Sn1Te4_kesterite,1.79
Cs2Ba1Sn1Te4_stannite,1.72
Cs2Ca1Ge1S4_kesterite,3.61
Cs2Ca1Ge1S4_stannite,2.66
Cs2Ca1Ge1Se4_kesterite,2.87
Cs2Ca1Ge1Se4_stannite,2.01
Cs2Ca1Ge1Te4_kesterite,1.65
Cs2Ca1Ge1Te4_stannite,1.37
Cs2Ca1Sn0.5Ge0.5Se2Te2_stannite,1.38
Cs2Ca1Sn1S4_kesterite,3.79
Cs2Ca1Sn1S4_stannite,2.75
Cs2Ca1Sn1Se4_kesterite,3.02
Cs2Ca1Sn1Se4_stannite,2.11
Cs2Ca1Sn1Te4_kesterite,1.81
Cs2Ca1Sn1Te4_stannite,1.52
Cs2Cd1Ge1S4_kesterite,2.41
Cs2Cd1Ge1S4_stannite,1.47
Cs2Cd1Ge1Se4_kesterite,2.41
Cs2Cd1Ge1Se4_stannite,1.47
Cs2Cd1Ge1Te4_kesterite,1.63
Cs2Cd1Ge1Te4_stannite,0.89
Cs2Cd1Sn1S4_kesterite,2.93
Cs2Cd1Sn1S4_stannite,2.28
Cs2Cd1Sn1Se4_kesterite,2.18
Cs2Cd1Sn1Se4_stannite,1.63
Cs2Cd1Sn1Te4_kesterite,1.66
Cs2Cd1Sn1Te4_stannite,0.95
Cs2Mg0.5Ca0.5Sn1S1Se3_kesterite,2.86
Cs2Mg0.5Ca0.5Sn1S1Se3_stannite,1.53
Cs2Mg1Ge1S4_kesterite,4.02
Cs2Mg1Ge1S4_stannite,2.36
Cs2Mg1Ge1Se4_kesterite,3.06
Cs2Mg1Ge1Se4_stannite,1.62
Cs2Mg1Ge1Te4_kesterite,1.73
Cs2Mg1Ge1Te4_stannite,1.01
Cs2Mg1Sn1S4_kesterite,3.7
Cs2Mg1Sn1S4_stannite,2.44
Cs2Mg1Sn1Se4_kesterite,2.81
Cs2Mg1Sn1Se4_stannite,1.75
Cs2Mg1Sn1Te4_kesterite,1.89
Cs2Mg1Sn1Te4_stannite,1.09
Cs2Sr1Ge1S4_kesterite,3.56
Cs2Sr1Ge1S4_stannite,2.72
Cs2Sr1Ge1Se4_kesterite,2.8
Cs2Sr1Ge1Se4_stannite,2.1
Cs2Sr1Ge1Te4_kesterite,1.68
Cs2Sr1Ge1Te4_stannite,0.4
Cs2Sr1Sn1S4_kesterite,3.67
Cs2Sr1Sn1S4_stannite,2.83
Cs2Sr1Sn1Se4_kesterite,2.98
Cs2Sr1Sn1Se4_stannite,2.2
Cs2Sr1Sn1Te4_kesterite,1.84
Cs2Sr1Sn1Te4_stannite,1.62
Cs2Zn1Ge1S4_kesterite,3.51
Cs2Zn1Ge1S4_stannite,2.04
Cs2Zn1Ge1Se4_kesterite,2.54
Cs2Zn1Ge1Se4_stannite,1.28
Cs2Zn1Ge1Te4_kesterite,1.58
Cs2Zn1Ge1Te4_stannite,0.57
Cs2Zn1Sn1S4_kesterite,3.07
Cs2Zn1Sn1S4_stannite,2.15
Cs2Zn1Sn1Se4_kesterite,2.3
Cs2Zn1Sn1Se4_stannite,1.41
Cs2Zn1Sn1Te4_kesterite,1.73
Cs2Zn1Sn1Te4_stannite,0.66
Cu0.5Ag0.5Al0.5In0.5S1Se1_kesterite,1.47
Cu0.5Ag0.5Al0.5In0.5S1Se1_stannite,1.41
Cu0.5Ag0.5Al0.5In0.5S1Te1_kesterite,1.25
Cu0.5Ag0.5Al0.5In0.5S1Te1_stannite,0.47
Cu0.5Ag0.5Al0.5In0.5S2_kesterite,1.78
Cu0.5Ag0.5Al0.5In0.5S2_stannite,1.37
Cu0.5Ag0.5Al0.5In0.5Se2_kesterite,1.37
Cu0.5Ag0.5Al0.5In0.5Se2_stannite,1.12
Cu0.5Ag0.5Al1S1Te1_kesterite,1.72
Cu0.5Ag0.5Al1S1Te1_stannite,0.88
Cu0.5Ag0.5Al1Se1Te1_kesterite,1.68
Cu0.5Ag0.5Al1Se1Te1_stannite,0.98
Cu0.5Ag0.5Al1Te2_kesterite,1.76
Cu0.5Ag0.5Al1Te2_stannite,1.19
Cu0.5Ag0.5Ga0.5In0.5S2_kesterite,1.44
Cu0.5Ag0.5Ga0.5In0.5S2_stannite,1.16
Cu0.5Ag0.5Ga0.5In0.5Se2_kesterite,1.01
Cu0.5Ag0.5Ga0.5In0.5Se2_stannite,0.6
Cu0.5Ag0.5Ga0.5In0.5Te2_kesterite,0.78
Cu0.5Ag0.5Ga0.5In0.5Te2_stannite,0.46
Cu0.5Ag0.5Ga1S1Te1_kesterite,1.15
Cu0.5Ag0.5Ga1S1Te1_stannite,0.15
Cu0.5Ag0.5Ga1S2_kesterite,1.92
Cu0.5Ag0.5Ga1S2_stannite,1.45
Cu0.5Ag0.5Ga1Se2_kesterite,1.34
Cu0.5Ag0.5Ga1Se2_stannite,0.84
Cu0.5Ag0.5Ga1Te2_stannite,0.41
Cu0.5Ag0.5In1Se1Te1_kesterite,0.52
Cu0.5Ag0.5In1Se1Te1_stannite,0.31
Cu0.5Ag1.5Zn0.5Cd0.5Ge1S3Te1_kesterite,0.99
Cu1.5Ag0.5Ca0.5Zn0.5Ge1S1Se2Te1_kesterite,0.89
Cu1.5Ag0.5Ca0.5Zn0.5Ge1S1Se2Te1_stannite,0.8
Cu1.5Ag0.5Mg0.5Ca0.5Sn0.5Ge0.5S1Se2Te1_kesterite,0.75
Cu1.5Ag0.5Sr0.5Ba0.5Sn0.5Ge0.5Se3Te1_stannite,1.17
Cu1.5Ag0.5Sr0.5Zn0.5Ge1S1Se1Te2_kesterite,0.59
Cu1.5Ag0.5Sr0.5Zn0.5Ge1S1Se1Te2_stannite,0.64
Cu1Al0.5Ga0.5S2_kesterite,2.41
Cu1Al0.5Ga0.5S2_stannite,2.04
Cu1Al0.5In0.5S2_kesterite,1.81
Cu1Al0.5In0.5S2_stannite,1.84
Cu1Al0.5In0.5Se2_kesterite,1.25
Cu1Al0.5In0.5Se2_stannite,1.17
Cu1Al1S2_kesterite,3.08
Cu1Al1S2_stannite,2.78
Cu1Al1Se2_kesterite,2.28
Cu1Al1Se2_stannite,1.85
Cu1Al1Te2_kesterite,1.95
Cu1Al1Te2_stannite,1.37
Cu1Ga0.5In0.5Se2_kesterite,0.95
Cu1Ga0.5In0.5Se2_stannite,0.73
Cu1Ga1S1Se1_kesterite,1.8
Cu1Ga1S1Se1_stannite,1.27
Cu1Ga1S1Te1_stannite,0.32
Cu1Ga1S2_kesterite,2.26
Cu1Ga1S2_stannite,1.81
Cu1Ga1Se2_kesterite,1.37
Cu1Ga1Se2_stannite,0.91
Cu1Ga1Te2_kesterite,1.08
Cu1Ga1Te2_stannite,0.43
Cu1In1S1Se1_kesterite,1.03
Cu1In1S1Se1_stannite,0.72
Cu1In1S2_kesterite,1.29
Cu1In1S2_stannite,1.2
Cu1In1Se2_kesterite,0.7
Cu1In1Se2_stannite,0.62
Cu1In1Te2_kesterite,0.74
Cu1In1Te2_stannite,0.58
Cu2Ba1Ge1S4_kesterite,1.43
Cu2Ba1Ge1S4_stannite,1.44
Cu2Ba1Ge1Se4_kesterite,0.8
Cu2Ba1Ge1Se4_stannite,0.82
Cu2Ba1Ge1Te4_kesterite,0.28
Cu2Ba1Ge1Te4_stannite,0.22
Cu2Ba1Sn0.25Zr0.75S2Se2_kesterite,1.44
Cu2Ba1Sn0.25Zr0.75S2Se2_stannite,1.25
Cu2Ba1Sn0.25Zr0.75S4_kesterite,1.77
Cu2Ba1Sn0.25Zr0.75S4_stannite,1.45
Cu2Ba1Sn0.25Zr0.75Se4_kesterite,1.32
Cu2Ba1Sn0.25Zr0.75Se4_stannite,0.94
Cu2Ba1Sn0.5Zr0.5S2Se2_stannite,1.07
Cu2Ba1Sn0.5Zr0.5S4_kesterite,1.56
Cu2Ba1Sn0.5Zr0.5S4_stannite,1.31
Cu2Ba1Sn0.5Zr0.5Se4_kesterite,1.08
Cu2Ba1Sn0.5Zr0.5Se4_stannite,0.77
Cu2Ba1Sn0.75Zr0.25S2Se2_stannite,1.11
Cu2Ba1Sn0.75Zr0.25S4_stannite,1.37
Cu2Ba1Sn0.75Zr0.25Se4_kesterite,0.87
Cu2Ba1Sn0.75Zr0.25Se4_stannite,0.8
Cu2Ba1Sn1S1Se3_stannite,0.93
Cu2Ba1Sn1S2Se2_kesterite,1.08
Cu2Ba1Sn1S2Se2_stannite,1.05
Cu2Ba1Sn1S4_kesterite,1.37
Cu2Ba1Sn1S4_stannite,1.46
Cu2Ba1Sn1Se4_stannite,0.79
Cu2Ba1Sn1Te4_kesterite,0.28
Cu2Ba1Sn1Te4_stannite,0.25
Cu2Ba1Zr1S2Se2_kesterite,1.56
Cu2Ba1Zr1S2Se2_stannite,1.52
Cu2Ba1Zr1S4_kesterite,1.67
Cu2Ba1Zr1S4_stannite,1.68
Cu2Ba1Zr1Se4_kesterite,1.43
Cu2Ba1Zr1Se4_stannite,1.26
Cu2Ca1Ge1S4_kesterite,1.71
Cu2Ca1Ge1S4_stannite,1.95
Cu2Ca1Ge1Se4_kesterite,1.03
Cu2Ca1Ge1Se4_stannite,1.38
Cu2Ca1Ge1Te4_kesterite,0.61
Cu2Ca1Ge1Te4_stannite,1.25
Cu2Ca1Sn1S4_kesterite,1.7
Cu2Ca1Sn1S4_stannite,1.95
Cu2Ca1Sn1Se4_kesterite,1.04
Cu2Ca1Sn1Se4_stannite,1.37
Cu2Ca1Sn1Te4_kesterite,0.61
Cu2Ca1Sn1Te4_stannite,1.25
Cu2Cd1Ge1S4_kesterite,0.89
Cu2Cd1Ge1S4_stannite,0.84
Cu2Cd1Ge1Se4_kesterite,0.89
Cu2Cd1Ge1Se4_stannite,0.84
Cu2Cd1Ge1Te4_kesterite,0.37
Cu2Cd1Ge1Te4_stannite,0.47
Cu2Cd1Sn1S4_kesterite,1.19
Cu2Cd1Sn1S4_stannite,1.17
Cu2Cd1Sn1Se4_kesterite,0.58
Cu2Cd1Sn1Se4_stannite,0.58
Cu2Cd1Sn1Te4_kesterite,0.35
Cu2Cd1Sn1Te4_stannite,0.46
Cu2Mg1Ge1S4_kesterite,1.67
Cu2Mg1Ge1S4_stannite,1.61
Cu2Mg1Ge1Se4_kesterite,0.99
Cu2Mg1Ge1Se4_stannite,0.96
Cu2Mg1Ge1Te4_kesterite,0.63
Cu2Mg1Ge1Te4_stannite,0.75
Cu2Mg1Sn1S4_kesterite,1.63
Cu2Mg1Sn1S4_stannite,1.62
Cu2Mg1Sn1Se4_kesterite,1.01
Cu2Mg1Sn1Se4_stannite,0.97
Cu2Mg1Sn1Te4_kesterite,0.64
Cu2Mg1Sn1Te4_stannite,0.75
Cu2Sr1Ge1S4_kesterite,1.57
Cu2Sr1Ge1S4_stannite,1.83
Cu2Sr1Ge1Se4_kesterite,0.9
Cu2Sr1Ge1Se4_stannite,1.49
Cu2Sr1Ge1Te4_kesterite,0.46
Cu2Sr1Ge1Te4_stannite,1.36
Cu2Sr1Sn1S4_kesterite,1.56
Cu2Sr1Sn1S4_stannite,1.77
Cu2Sr1Sn1Se4_kesterite,0.9
Cu2Sr1Sn1Se4_stannite,1.41
Cu2Sr1Sn1Te4_kesterite,0.46
Cu2Sr1Sn1Te4_stannite,1.36
Cu2Zn1Ge1S4_kesterite,1.45
Cu2Zn1Ge1S4_stannite,1.28
Cu2Zn1Ge1Se4_kesterite,0.78
Cu2Zn1Ge1Se4_stannite,0.59
Cu2Zn1Ge1Te4_kesterite,0.52
Cu2Zn1Ge1Te4_stannite,0.35
Cu2Zn1Sn0.25Zr0.75S2Se2_kesterite,2.1
Cu2Zn1Sn0.25Zr0.75S2Se2_stannite,1.26
Cu2Zn1Sn0.25Zr0.75S4_kesterite,2.31
Cu2Zn1Sn0.25Zr0.75S4_stannite,1.62
Cu2Zn1Sn0.25Zr0.75Se4_kesterite,1.7
Cu2Zn1Sn0.25Zr0.75Se4_stannite,1.67
Cu2Zn1Sn0.5Zr0.5S2Se2_kesterite,1.52
Cu2Zn1Sn0.5Zr0.5S2Se2_stannite,1.26
Cu2Zn1Sn0.5Zr0.5S4_kesterite,1.84
Cu2Zn1Sn0.5Zr0.5S4_stannite,1.66
Cu2Zn1Sn0.5Zr0.5Se4_kesterite,1.32
Cu2Zn1Sn0.5Zr0.5Se4_stannite,1.14
Cu2Zn1Sn0.75Zr0.25S2Se2_kesterite,1.3
Cu2Zn1Sn0.75Zr0.25S2Se2_stannite,1.03
Cu2Zn1Sn0.75Zr0.25S4_kesterite,1.58
Cu2Zn1Sn0.75Zr0.25S4_stannite,1.41
Cu2Zn1Sn0.75Zr0.25Se4_kesterite,1.07
Cu2Zn1Sn0.75Zr0.25Se4_stannite,0.89
Cu2Zn1Sn1S2Se2_kesterite,0.98
Cu2Zn1Sn1S2Se2_stannite,0.92
Cu2Zn1Sn1S4_kesterite,1.24
Cu2Zn1Sn1S4_stannite,1.1
Cu2Zn1Sn1Se4_kesterite,0.77
Cu2Zn1Sn1Se4_stannite,0.57
Cu2Zn1Sn1Te4_kesterite,0.52
Cu2Zn1Sn1Te4_stannite,0.35
Cu2Zn1Zr1S2Se2_kesterite,1.64
Cu2Zn1Zr1S2Se2_stannite,1.85
Cu2Zn1Zr1S4_kesterite,1.72
Cu2Zn1Zr1S4_stannite,1.66
Cu2Zn1Zr1Se4_kesterite,1.54
Cu2Zn1Zr1Se4_stannite,1.5
K0.5Ag0.5Al0.5Ga0.5S1Te1_kesterite,1.74
K0.5Ag0.5Al0.5Ga0.5S1Te1_stannite,0.61
K0.5Ag0.5Al0.5In0.5S2_kesterite,2.39
K0.5Ag0.5Al1S1Te1_kesterite,2.45
K0.5Ag0.5Al1S1Te1_stannite,0.87
K0.5Ag0.5Al1S2_kesterite,3.41
K0.5Ag0.5Al1Se1Te1_kesterite,2.16
K0.5Ag0.5Al1Se1Te1_stannite,0.88
K0.5Ag0.5Ga0.5In0.5S1Se1_kesterite,1.79
K0.5Ag0.5Ga0.5In0.5S1Se1_stannite,1.32
K0.5Ag0.5Ga0.5In0.5Se1Te1_kesterite,1.3
K0.5Ag0.5Ga0.5In0.5Se1Te1_stannite,0.48
K0.5Ag0.5Ga0.5In0.5Se2_kesterite,1.57
K0.5Ag0.5Ga0.5In0.5Se2_stannite,0.88
K0.5Ag0.5In1S1Te1_kesterite,1.46
K0.5Ag0.5In1S1Te1_stannite,0.61
K0.5Ag0.5In1Te2_kesterite,1.11
K0.5Cs0.5Al0.5Ga0.5S1Se1_kesterite,3.67
K0.5Cs0.5Al0.5Ga0.5S1Se1_stannite,1.44
K0.5Cs0.5Al0.5Ga0.5S1Te1_kesterite,2.72
K0.5Cs0.5Al0.5Ga0.5S1Te1_stannite,0.51
K0.5Cs0.5Al0.5Ga0.5S2_kesterite,4.1
K0.5Cs0.5Al0.5Ga0.5Se2_kesterite,2.98
K0.5Cs0.5Al0.5Ga0.5Se2_stannite,1.62
K0.5Cs0.5Al0.5In0.5S1Se1_kesterite,3.17
K0.5Cs0.5Al0.5In0.5S1Se1_stannite,1.53
K0.5Cs0.5Al0.5In0.5Se1Te1_kesterite,2.36
K0.5Cs0.5Al0.5In0.5Se1Te1_stannite,0.73
K0.5Cs0.5Al0.5In0.5Te2_kesterite,2.17
K0.5Cs0.5Al0.5In0.5Te2_stannite,0.89
K0.5Cs0.5Al1S2_kesterite,4.45
K0.5Cs0.5Cu0.5Ag0.5Ba0.5Zn0.5Ge1S1Se1Te2_kesterite,1.19
K0.5Cs0.5Cu0.5Ag0.5Ba0.5Zn0.5Ge1S1Se1Te2_stannite,0.63
K0.5Cs0.5Cu0.5Ag0.5Mg0.5Zn0.5Ge1S1Se1Te2_kesterite,1.26
K0.5Cs0.5Cu0.5Ag0.5Mg0.5Zn0.5Ge1S1Se1Te2_stannite,0.46
K0.5Cs0.5Cu0.5Ag0.5Sr0.5Zn0.5Sn0.5Ge0.5S4_stannite,1.52
K0.5Cs0.5Cu0.5Ag0.5Zn1Sn1Se1Te3_kesterite,0.77
K0.5Cs0.5Cu0.5Ag0.5Zn1Sn1Se1Te3_stannite,0.37
K0.5Cs0.5Ga0.5In0.5S1Se1_stannite,1.21
K0.5Cs0.5Ga0.5In0.5S2_kesterite,3.19
K0.5Cs0.5Ga0.5In0.5S2_stannite,2.2
K0.5Cs0.5In1S1Se1_stannite,1.37
K0.5Cs0.5In1Se2_kesterite,2.12
K0.5Cs0.5In1Se2_stannite,1.61
K0.5Cs1Ag0.5Zn1Ge1S3Te1_stannite,0.36
K0.5Cu0.5Ag1Ca0.5Sr0.5Sn1S4_kesterite,1.08
K0.5Cu0.5Ag1Cd1Ge1S4_kesterite,0
K0.5Cu0.5Ag1Cd1Ge1S4_stannite,0.94
K0.5Cu0.5Ag1Cd1Ge1Se4_kesterite,-0.18
K0.5Cu0.5Ag1Cd1Ge1Se4_stannite,0.61
K0.5Cu0.5Ag1Mg0.5Zn0.5Ge1Se4_kesterite,0.09
K0.5Cu0.5Ag1Mg0.5Zn0.5Ge1Se4_stannite,0.69
K0.5Cu0.5Ag1Mg0.5Zn0.5Ge1Te4_kesterite,1.01
K0.5Cu0.5Ag1Mg0.5Zn0.5Ge1Te4_stannite,0.27
K0.5Cu0.5Ag1Zn0.5Cd0.5Sn1Te4_kesterite,0.77
K0.5Cu0.5Ag1Zn0.5Cd0.5Sn1Te4_stannite,0.24
K0.5Cu0.5Al0.5Ga0.5S1Se1_kesterite,1.68
K0.5Cu0.5Al0.5Ga0.5S1Se1_stannite,1.69
K0.5Cu0.5Al0.5Ga0.5S2_stannite,1.95
K0.5Cu0.5Al0.5Ga0.5Se1Te1_kesterite,1.4
K0.5Cu0.5Al0.5Ga0.5Se1Te1_stannite,0.76
K0.5Cu0.5Al0.5Ga0.5Se2_kesterite,1.49
K0.5Cu0.5Al0.5Ga0.5Se2_stannite,1.1
K0.5Cu0.5Al0.5In0.5S2_kesterite,2.2
K0.5Cu0.5Al0.5In0.5S2_stannite,1.76
K0.5Cu0.5Ga0.5In0.5S1Se1_kesterite,-0.26
K0.5Cu0.5Ga0.5In0.5S1Se1_stannite,1.36
K0.5Cu0.5Ga0.5In0.5Se1Te1_kesterite,1.02
K0.5Cu0.5Ga0.5In0.5Se1Te1_stannite,0.64
K0.5Cu0.5Ga1S2_kesterite,-0.25
K0.5Cu0.5Ga1S2_stannite,1.23
K0.5Cu0.5Ga1Se2_kesterite,0.95
K0.5Cu0.5Ga1Se2_stannite,0.8
K0.5Cu0.5In1Se2_kesterite,1.29
K0.5Cu0.5In1Se2_stannite,0.8
K0.5Cu1.5Ca0.5Ba0.5Sn1S3Se1_kesterite,-0.31
K0.5Cu1.5Ca0.5Ba0.5Sn1S3Se1_stannite,1.99
K0.5Cu1.5Ca0.5Sr0.5Ge1S4_kesterite,-0.08
K0.5Cu1.5Sr0.5Zn0.5Sn1S3Se1_kesterite,1.55
K0.5Cu1.5Zn0.5Cd0.5Sn1S2Se1Te1_stannite,0.23
K0.5Cu1.5Zn1Ge1S4_kesterite,-0.06
K0.5Cu1.5Zn1Ge1S4_stannite,1.66
K0.5Cu1Ag0.5Cd1Ge1S1Se2Te1_stannite,0.59
K0.5Cu1Ag0.5Cd1Sn0.5Ge0.5Se1Te3_kesterite,0.78
K0.5Cu1Ag0.5Cd1Sn0.5Ge0.5Se1Te3_stannite,0.37
K0.5Cu1Ag0.5Mg0.5Ca0.5Sn1S4_stannite,1.77
K0.5Cu1Ag0.5Sr0.5Zn0.5Ge1S3Se1_kesterite,1.79
K0.5Cu1Ag0.5Sr1Sn1Se3Te1_stannite,1.51
K0.5Cu1Ag0.5Zn1Sn0.5Ge0.5Se4_kesterite,1.08
K0.5Cu1Ag0.5Zn1Sn0.5Ge0.5Se4_stannite,0.67
K0.5Rb0.5Ag1Ca0.5Sr0.5Sn0.5Ge0.5S1Se3_stannite,1.85
K0.5Rb0.5Ag1Ca0.5Sr0.5Sn0.5Ge0.5Se1Te3_stannite,1.2
K0.5Rb0.5Ag1Mg0.5Zn0.5Ge1S3Te1_kesterite,2.26
K0.5Rb0.5Ag1Mg0.5Zn0.5Ge1Se3Te1_kesterite,1.23
K0.5Rb0.5Al0.5Ga0.5Se2_stannite,1.38
K0.5Rb0.5Al1Se1Te1_kesterite,3.04
K0.5Rb0.5Al1Se1Te1_stannite,0.92
K0.5Rb0.5Cs0.5Cu0.5Mg0.5Sr0.5Sn1S4_stannite,0.17
K0.5Rb0.5Cs0.5Cu0.5Mg1Sn0.5Ge0.5S3Te1_stannite,0.3
K0.5Rb0.5Cs0.5Cu0.5Zn1Sn1S4_kesterite,2.04
K0.5Rb0.5Cs0.5Cu0.5Zn1Sn1S4_stannite,1.25
K0.5Rb0.5Cs1Ba0.5Cd0.5Sn1S4_stannite,2.41
K0.5Rb0.5Cu0.5Ag0.5Ba0.5Cd0.5Sn1Se2Te2_kesterite,1
K0.5Rb0.5Cu0.5Ag0.5Ba0.5Cd0.5Sn1Se2Te2_stannite,0.75
K0.5Rb0.5Cu0.5Ag0.5Mg0.5Ba0.5Ge1S2Te2_kesterite,1.65
K0.5Rb0.5Cu0.5Ag0.5Mg0.5Ba0.5Ge1S2Te2_stannite,1.37
K0.5Rb0.5Cu0.5Ag0.5Mg0.5Cd0.5Ge1S1Se2Te1_stannite,0.62
K0.5Rb0.5Cu0.5Ag0.5Mg1Ge1Te4_stannite,0.73
K0.5Rb0.5Cu0.5Ag0.5Zn0.5Cd0.5Ge1Se4_stannite,0.72
K0.5Rb0.5Cu1Ba0.5Cd0.5Ge1S3Te1_kesterite,2.24
K0.5Rb0.5Cu1Ba0.5Cd0.5Ge1S3Te1_stannite,0.88
K0.5Rb0.5Cu1Mg0.5Ca0.5Ge1S1Se2Te1_kesterite,-0.47
K0.5Rb0.5Cu1Mg0.5Ca0.5Ge1S1Se2Te1_stannite,1.12
K0.5Rb0.5Cu1Sr0.5Cd0.5Sn0.5Ge0.5S2Se2_stannite,1.16
K0.5Rb0.5Cu1Sr0.5Zn0.5Sn0.5Ge0.5Se3Te1_kesterite,0.95
K0.5Rb0.5Cu1Sr0.5Zn0.5Sn0.5Ge0.5Se3Te1_stannite,0.7
K0.5Rb0.5Ga0.5In0.5S1Se1_kesterite,2.77
K0.5Rb0.5Ga0.5In0.5S1Se1_stannite,1.32
K0.5Rb0.5Ga0.5In0.5Se1Te1_kesterite,2.16
K0.5Rb0.5Ga0.5In0.5Se1Te1_stannite,0.59
K0.5Rb0.5Ga0.5In0.5Se2_stannite,1.52
K0.5Rb0.5Ga0.5In0.5Te2_stannite,0.77
K0.5Rb0.5Ga1S1Se1_kesterite,3.08
K0.5Rb0.5Ga1S1Se1_stannite,1.3
K0.5Rb0.5Ga1S2_kesterite,3.57
K0.5Rb0.5Ga1Se1Te1_kesterite,2.31
K0.5Rb0.5Ga1Se1Te1_stannite,0.35
K0.5Rb0.5In1Te2_kesterite,1.74
K0.5Rb0.5In1Te2_stannite,0.87
K0.5Rb1.5Ba0.5Zn0.5Ge1S1Se1Te2_kesterite,1.73
K0.5Rb1.5Ba0.5Zn0.5Ge1S1Se1Te2_stannite,0.68
K0.5Rb1.5Ca0.5Sr0.5Sn0.5Ge0.5S2Te2_kesterite,1.85
K0.5Rb1.5Ca0.5Sr0.5Sn0.5Ge0.5S2Te2_stannite,1.31
K0.5Rb1.5Mg0.5Sr0.5Sn0.5Ge0.5S1Se1Te2_stannite,0.49
K0.5Rb1.5Sr0.5Zn0.5Sn0.5Ge0.5S2Se2_kesterite,3.13
K0.5Rb1.5Sr1Ge1Se1Te3_stannite,1.2
K0.5Rb1.5Sr1Sn1S2Te2_kesterite,1.46
K0.5Rb1Ag0.5Mg0.5Ba0.5Sn1S1Se3_kesterite,1.7
K0.5Rb1Ag0.5Mg0.5Ba0.5Sn1S1Se3_stannite,0.97
K0.5Rb1Ag0.5Mg1Ge1S2Te2_kesterite,1.96
K0.5Rb1Ag0.5Mg1Ge1S2Te2_stannite,0.67
K0.5Rb1Ag0.5Sr0.5Ba0.5Sn1Se1Te3_stannite,0.9
K0.5Rb1Ag0.5Zn1Sn1Te4_kesterite,1.5
K0.5Rb1Ag0.5Zn1Sn1Te4_stannite,0.36
K0.5Rb1Cs0.5Sr0.5Cd0.5Sn1S4_kesterite,3.21
K0.5Rb1Cs0.5Sr0.5Cd0.5Sn1S4_stannite,2.28
K0.5Rb1Cu0.5Ca0.5Zn0.5Ge1S2Se1Te1_stannite,1.53
K0.5Rb1Cu0.5Ca0.5Zn0.5Sn0.5Ge0.5Se2Te2_stannite,0.3
K0.5Rb1Cu0.5Mg1Ge1S1Te3_kesterite,1.26
K0.5Rb1Cu0.5Mg1Ge1S1Te3_stannite,0.61
K0.5Rb1Cu0.5Mg1Ge1Te4_stannite,0.6
K0.5Rb1Cu0.5Sr0.5Zn0.5Ge1S2Se2_stannite,0.06
K1.5Cs0.5Zn1Sn1Se2Te2_kesterite,1.87
K1.5Cs0.5Zn1Sn1Se2Te2_stannite,0.52
K1.5Cu0.5Ba0.5Zn0.5Sn1S2Se2_stannite,-0.16
K1.5Cu0.5Ba0.5Zn0.5Sn1S4_kesterite,1.97
K1.5Cu0.5Mg1Sn0.5Ge0.5S3Se1_stannite,1.16
K1.5Cu0.5Zn0.5Cd0.5Sn1Te4_stannite,0.45
K1.5Cu0.5Zn1Sn0.5Ge0.5S3Se1_stannite,1.14
K1.5Rb0.5Ca0.5Zn0.5Sn1Se3Te1_kesterite,2.11
K1.5Rb0.5Ca0.5Zn0.5Sn1Se3Te1_stannite,0.5
K1.5Rb0.5Zn1Sn1S1Se2Te1_kesterite,2.2
K1Ag1Sr0.5Cd0.5Ge1S2Se2_kesterite,1.69
K1Ag1Sr0.5Cd0.5Ge1S2Se2_stannite,1.25
K1Ag1Zn0.5Cd0.5Ge1Se1Te3_kesterite,1.16
K1Ag1Zn0.5Cd0.5Ge1Se1Te3_stannite,0.44
K1Al0.5Ga0.5Se1Te1_kesterite,2.61
K1Al0.5Ga0.5Se1Te1_stannite,0.74
K1Al0.5In0.5S2_kesterite,3.57
K1Al1S2_kesterite,4.8
K1Al1S2_stannite,2.99
K1Al1Se2_kesterite,3.58
K1Al1Se2_stannite,2.15
K1Al1Te2_kesterite,2.72
K1Al1Te2_stannite,1.53
K1Cs0.5Cu0.5Ca1Sn0.5Ge0.5Se3Te1_stannite,1.16
K1Cs1Ba0.5Zn0.5Sn1S3Te1_kesterite,2.5
K1Cs1Mg1Sn1Se3Te1_kesterite,2.43
K1Cs1Mg1Sn1Se3Te1_stannite,0.59
K1Cu1Ca0.5Sr0.5Sn0.5Ge0.5Te4_kesterite,0.93
K1Cu1Ca0.5Sr0.5Sn0.5Ge0.5Te4_stannite,0.95
K1Ga0.5In0.5S1Se1_stannite,1.37
K1Ga1S2_kesterite,3.71
K1Ga1S2_stannite,2.4
K1Ga1Se2_kesterite,2.68
K1Ga1Se2_stannite,1.53
K1Ga1Te2_kesterite,1.91
K1Ga1Te2_stannite,0.79
K1In1S2_kesterite,2.97
K1In1S2_stannite,2.45
K1In1Se1Te1_kesterite,2.03
K1In1Se2_kesterite,2.25
K1In1Se2_stannite,1.68
K1In1Te2_kesterite,1.85
K1In1Te2_stannite,1.09
K1Rb0.5Ag0.5Ca0.5Zn0.5Ge1S2Te2_kesterite,1.29
K1Rb0.5Ag0.5Ca0.5Zn0.5Ge1S2Te2_stannite,0.52
K1Rb0.5Ag0.5Mg0.5Ca0.5Ge1S1Se2Te1_kesterite,2.04
K1Rb0.5Ag0.5Mg0.5Ca0.5Ge1S1Se2Te1_stannite,0.55
K1Rb0.5Ag0.5Mg0.5Sr0.5Sn1Se1Te3_kesterite,1.61
K1Rb0.5Ag0.5Sr0.5Cd0.5Sn0.5Ge0.5S2Se1Te1_kesterite,2.27
K1Rb0.5Ag0.5Sr0.5Cd0.5Sn0.5Ge0.5S2Se1Te1_stannite,0.73
K1Rb0.5Ag0.5Sr0.5Zn0.5Ge1S1Se3_stannite,1.4
K1Rb0.5Ag0.5Sr1Sn0.5Ge0.5S1Se1Te2_kesterite,1.78
K1Rb0.5Ag0.5Sr1Sn0.5Ge0.5S1Se1Te2_stannite,1.85
K1Rb0.5Cs0.5Ba1Sn1S2Se2_kesterite,2.75
K1Rb0.5Cs0.5Ba1Sn1S2Se2_stannite,2.15
K1Rb0.5Cs0.5Mg0.5Ba0.5Sn0.5Ge0.5S2Se2_kesterite,3.08
K1Rb0.5Cs0.5Mg0.5Ba0.5Sn0.5Ge0.5S2Se2_stannite,1.5
K1Rb0.5Cs0.5Sr0.5Ba0.5Ge1S3Te1_kesterite,2.61
K1Rb0.5Cs0.5Sr0.5Ba0.5Ge1S3Te1_stannite,1.37
K1Rb1Ca0.5Cd0.5Sn0.5Ge0.5Se1Te3_stannite,1.11
K1Rb1Ca1Sn0.5Ge0.5S1Se2Te1_kesterite,2.44
K1Rb1Ca1Sn0.5Ge0.5S1Se2Te1_stannite,1.08
K1Rb1Sr1Ge1S1Se1Te2_stannite,1.31
K2Ba1Ge1S4_kesterite,3.5
K2Ba1Ge1S4_stannite,3.1
K2Ba1Ge1Se4_kesterite,2.63
K2Ba1Ge1Se4_stannite,2.47
K2Ba1Ge1Te4_kesterite,1.41
K2Ba1Ge1Te4_stannite,1.82
K2Ba1Sn1S4_kesterite,3.38
K2Ba1Sn1S4_stannite,3.14
K2Ba1Sn1Se4_kesterite,2.76
K2Ba1Sn1Se4_stannite,2.52
K2Ba1Sn1Te4_kesterite,1.7
K2Ba1Sn1Te4_stannite,1.94
K2Ca0.5Sr0.5Sn1S1Se2Te1_kesterite,2.54
K2Ca0.5Sr0.5Sn1S1Se2Te1_stannite,1.18
K2Ca1Ge1S4_kesterite,3.65
K2Ca1Ge1S4_stannite,2.96
K2Ca1Ge1Se4_kesterite,2.69
K2Ca1Ge1Se4_stannite,2.23
K2Ca1Ge1Te4_kesterite,1.39
K2Ca1Ge1Te4_stannite,1.52
K2Ca1Sn1S4_kesterite,3.69
K2Ca1Sn1S4_stannite,2.95
K2Ca1Sn1Se4_kesterite,2.92
K2Ca1Sn1Se4_stannite,2.29
K2Ca1Sn1Te4_kesterite,1.71
K2Ca1Sn1Te4_stannite,1.66
K2Cd1Ge1S4_kesterite,2.44
K2Cd1Ge1S4_stannite,1.59
K2Cd1Ge1Se4_kesterite,2.44
K2Cd1Ge1Se4_stannite,1.59
K2Cd1Ge1Te4_kesterite,1.63
K2Cd1Ge1Te4_stannite,0.98
K2Cd1Sn1S4_kesterite,2.94
K2Cd1Sn1S4_stannite,2.42
K2Cd1Sn1Se4_kesterite,2.19
K2Cd1Sn1Se4_stannite,1.68
K2Cd1Sn1Te4_kesterite,1.74
K2Cd1Sn1Te4_stannite,1.04
K2Mg1Ge1S4_kesterite,4.16
K2Mg1Ge1S4_stannite,2.62
K2Mg1Ge1Se4_kesterite,3.08
K2Mg1Ge1Se4_stannite,1.76
K2Mg1Ge1Te4_kesterite,1.6
K2Mg1Ge1Te4_stannite,1.11
K2Mg1Sn1S4_kesterite,3.61
K2Mg1Sn1S4_stannite,2.62
K2Mg1Sn1Se4_kesterite,2.75
K2Mg1Sn1Se4_stannite,1.83
K2Mg1Sn1Te4_kesterite,1.8
K2Mg1Sn1Te4_stannite,1.19
K2Sr1Ge1S4_kesterite,3.6
K2Sr1Ge1S4_stannite,3.06
K2Sr1Ge1Se4_kesterite,2.68
K2Sr1Ge1Se4_stannite,2.32
K2Sr1Ge1Te4_kesterite,1.4
K2Sr1Ge1Te4_stannite,1.65
K2Sr1Sn1S4_kesterite,3.51
K2Sr1Sn1S4_stannite,3.07
K2Sr1Sn1Se4_kesterite,2.85
K2Sr1Sn1Se4_stannite,2.38
K2Sr1Sn1Te4_kesterite,1.68
K2Sr1Sn1Te4_stannite,1.79
K2Zn1Ge1S4_kesterite,3.65
K2Zn1Ge1S4_stannite,2.27
K2Zn1Ge1Se4_kesterite,2.63
K2Zn1Ge1Se4_stannite,1.39
K2Zn1Ge1Te4_kesterite,1.58
K2Zn1Ge1Te4_stannite,0.64
K2Zn1Sn1S4_kesterite,3.09
K2Zn1Sn1S4_stannite,2.3
K2Zn1Sn1Se4_kesterite,2.31
K2Zn1Sn1Se4_stannite,1.51
K2Zn1Sn1Te4_kesterite,1.75
K2Zn1Sn1Te4_stannite,0.76
Na0.5Ag0.5Al0.5Ga0.5Te2_kesterite,1.67
Na0.5Ag0.5Al0.5Ga0.5Te2_stannite,0.81
Na0.5Ag0.5Al0.5In0.5S1Se1_kesterite,2.16
Na0.5Ag0.5Al0.5In0.5S1Se1_stannite,1.63
Na0.5Ag0.5Al0.5In0.5S1Te1_kesterite,1.9
Na0.5Ag0.5Al0.5In0.5S1Te1_stannite,0.87
Na0.5Ag0.5Al0.5In0.5Se1Te1_kesterite,1.63
Na0.5Ag0.5Al0.5In0.5Se1Te1_stannite,0.72
Na0.5Ag0.5Al1S1Te1_kesterite,2.41
Na0.5Ag0.5Al1S1Te1_stannite,1.04
Na0.5Ag0.5Ga0.5In0.5S1Te1_kesterite,1.67
Na0.5Ag0.5Ga0.5In0.5S1Te1_stannite,0.62
Na0.5Ag0.5Ga0.5In0.5Se2_kesterite,1.56
Na0.5Ag0.5Ga0.5In0.5Se2_stannite,1
Na0.5Ag0.5Ga1S2_kesterite,2.61
Na0.5Ag0.5Ga1Se1Te1_kesterite,1.73
Na0.5Ag0.5Ga1Se1Te1_stannite,0.33
Na0.5Ag0.5In1S1Se1_kesterite,1.7
Na0.5Ag0.5In1S1Se1_stannite,1.27
Na0.5Ag0.5In1S1Te1_kesterite,1.55
Na0.5Ag0.5In1S1Te1_stannite,0.65
Na0.5Ag0.5In1S2_kesterite,1.8
Na0.5Ag0.5In1S2_stannite,1.42
Na0.5Ag1.5Ba1Sn0.5Ge0.5S1Se1Te2_kesterite,1.02
Na0.5Ag1.5Ca0.5Ba0.5Sn0.5Ge0.5Te4_kesterite,1.15
Na0.5Ag1.5Ca0.5Ba0.5Sn0.5Ge0.5Te4_stannite,0.42
Na0.5Cs0.5Al0.5In0.5S1Te1_kesterite,2.52
Na0.5Cs0.5Al0.5In0.5S1Te1_stannite,0.78
Na0.5Cs0.5Al0.5In0.5Se1Te1_kesterite,2.08
Na0.5Cs0.5Al0.5In0.5Se1Te1_stannite,0.76
Na0.5Cs0.5Al0.5In0.5Te2_stannite,0.97
Na0.5Cs0.5Al1S1Se1_kesterite,3.39
Na0.5Cs0.5Al1S2_kesterite,4.15
Na0.5Cs0.5Cu0.5Ag0.5Mg0.5Cd0.5Ge1S1Se2Te1_kesterite,0.99
Na0.5Cs0.5Cu0.5Ag0.5Mg0.5Cd0.5Ge1S1Se2Te1_stannite,0.47
Na0.5Cs0.5Cu0.5Ag0.5Sr1Sn1S1Te3_kesterite,0.66
Na0.5Cs0.5Cu0.5Ag0.5Sr1Sn1S1Te3_stannite,0.83
Na0.5Cs0.5Cu1Mg0.5Zn0.5Sn1S2Te2_stannite,0.29
Na0.5Cs0.5Ga0.5In0.5S1Se1_kesterite,2.63
Na0.5Cs0.5Ga0.5In0.5S1Se1_stannite,1.49
Na0.5Cs0.5Ga0.5In0.5Te2_stannite,0.78
Na0.5Cs0.5Ga1S1Te1_kesterite,2.43
Na0.5Cs0.5Ga1S1Te1_stannite,0.46
Na0.5Cs0.5Ga1Te2_stannite,0.65
Na0.5Cs0.5In1S1Te1_kesterite,2.15
Na0.5Cs0.5In1S1Te1_stannite,0.81
Na0.5Cs0.5In1S2_kesterite,2.72
Na0.5Cs0.5In1S2_stannite,1.87
Na0.5Cs1.5Mg0.5Zn0.5Ge1S1Se1Te2_kesterite,0.72
Na0.5Cs1.5Mg0.5Zn0.5Ge1S1Se1Te2_stannite,0.33
Na0.5Cs1Ag0.5Mg0.5Cd0.5Sn0.5Ge0.5S1Se2Te1_kesterite,1.16
Na0.5Cs1Cu0.5Ca0.5Zn0.5Sn1S2Se2_kesterite,1.24
Na0.5Cs1Cu0.5Mg0.5Ca0.5Sn1S2Se2_kesterite,1.09
Na0.5Cu0.5Ag1Ba0.5Cd0.5Sn1S2Se2_kesterite,0.86
Na0.5Cu0.5Ag1Ba0.5Cd0.5Sn1S2Se2_stannite,-0.81
Na0.5Cu0.5Ag1Ba1Sn0.5Ge0.5S2Te2_stannite,1.77
Na0.5Cu0.5Ag1Ca0.5Cd0.5Sn0.5Ge0.5S3Te1_kesterite,1.07
Na0.5Cu0.5Ag1Ca0.5Cd0.5Sn0.5Ge0.5S3Te1_stannite,0.67
Na0.5Cu0.5Ag1Ca0.5Cd0.5Sn1Se1Te3_kesterite,0.96
Na0.5Cu0.5Ag1Ca0.5Cd0.5Sn1Se1Te3_stannite,0.73
Na0.5Cu0.5Ag1Mg0.5Ba0.5Sn1S1Se2Te1_kesterite,0.87
Na0.5Cu0.5Ag1Mg0.5Ba0.5Sn1S1Se2Te1_stannite,0.91
Na0.5Cu0.5Ag1Mg1Ge1S1Se2Te1_kesterite,1.4
Na0.5Cu0.5Ag1Mg1Ge1S1Se2Te1_stannite,0.74
Na0.5Cu0.5Ag1Zn1Sn1S3Te1_kesterite,1.15
Na0.5Cu0.5Ag1Zn1Sn1S3Te1_stannite,-0.1
Na0.5Cu0.5Al0.5Ga0.5S1Te1_kesterite,2.12
Na0.5Cu0.5Al0.5Ga0.5S1Te1_stannite,0.77
Na0.5Cu0.5Al0.5Ga0.5Te2_kesterite,1.54
Na0.5Cu0.5Al0.5Ga0.5Te2_stannite,0.95
Na0.5Cu0.5Al0.5In0.5S1Se1_kesterite,1.57
Na0.5Cu0.5Al0.5In0.5S1Se1_stannite,1.66
Na0.5Cu0.5Al0.5In0.5S2_kesterite,1.78
Na0.5Cu0.5Al0.5In0.5S2_stannite,1.94
Na0.5Cu0.5Al0.5In0.5Se2_kesterite,1.83
Na0.5Cu0.5Al0.5In0.5Se2_stannite,1.09
Na0.5Cu0.5Al0.5In0.5Te2_kesterite,1.39
Na0.5Cu0.5Al0.5In0.5Te2_stannite,1
Na0.5Cu0.5Al1S1Te1_kesterite,2.54
Na0.5Cu0.5Al1S1Te1_stannite,1.08
Na0.5Cu0.5Al1S2_kesterite,3.28
Na0.5Cu0.5Al1Se1Te1_kesterite,2.08
Na0.5Cu0.5Al1Se1Te1_stannite,1.12
Na0.5Cu0.5Ga0.5In0.5S1Se1_kesterite,1.32
Na0.5Cu0.5Ga0.5In0.5S1Se1_stannite,1.19
Na0.5Cu0.5Ga1S1Se1_kesterite,1.65
Na0.5Cu0.5Ga1S1Se1_stannite,1.22
Na0.5Cu0.5Ga1S1Te1_kesterite,1.63
Na0.5Cu0.5Ga1S1Te1_stannite,0.47
Na0.5Cu0.5Ga1Se2_kesterite,1.43
Na0.5Cu0.5Ga1Se2_stannite,0.87
Na0.5Cu0.5Ga1Te2_stannite,0.6
Na0.5Cu0.5In1Se1Te1_kesterite,0.96
Na0.5Cu0.5In1Se1Te1_stannite,0.64
Na0.5Cu1.5Mg0.5Ca0.5Sn0.5Ge0.5Se2Te2_stannite,0.93
Na0.5Cu1.5Sr0.5Cd0.5Sn1Se3Te1_kesterite,0.75
Na0.5Cu1Ag0.5Mg0.5Cd0.5Sn0.5Ge0.5Se2Te2_kesterite,1.06
Na0.5Cu1Ag0.5Mg0.5Cd0.5Sn0.5Ge0.5Se2Te2_stannite,0.6
Na0.5Cu1Ag0.5Mg0.5Sr0.5Sn1Se2Te2_kesterite,0.77
Na0.5Cu1Ag0.5Mg0.5Sr0.5Sn1Se2Te2_stannite,0.82
Na0.5Cu1Ag0.5Sr0.5Zn0.5Ge1S1Se3_stannite,1.35
Na0.5Cu1Ag0.5Sr0.5Zn0.5Sn1S4_kesterite,1.77
Na0.5Cu1Ag0.5Sr0.5Zn0.5Sn1S4_stannite,1.15
Na0.5Cu1Ag0.5Sr1Ge1S3Te1_kesterite,0.8
Na0.5Cu1Ag0.5Sr1Ge1S3Te1_stannite,1.6
Na0.5Cu1Ag0.5Zn1Ge1Te4_kesterite,0.81
Na0.5Cu1Ag0.5Zn1Ge1Te4_stannite,0.28
Na0.5K0.5Ag1Mg0.5Sr0.5Ge1S2Se1Te1_kesterite,2.43
Na0.5K0.5Ag1Mg0.5Sr0.5Ge1S2Se1Te1_stannite,1.48
Na0.5K0.5Ag1Zn1Sn0.5Ge0.5S2Se1Te1_kesterite,1.71
Na0.5K0.5Ag1Zn1Sn0.5Ge0.5S2Se1Te1_stannite,-0.29
Na0.5K0.5Al0.5Ga0.5S1Se1_kesterite,3.43
Na0.5K0.5Al0.5Ga0.5S1Se1_stannite,1.73
Na0.5K0.5Al0.5Ga0.5S2_kesterite,4.17
Na0.5K0.5Al0.5Ga0.5Se2_kesterite,3.02
Na0.5K0.5Al0.5Ga0.5Se2_stannite,1.8
Na0.5K0.5Al0.5In0.5S1Se1_kesterite,3.1
Na0.5K0.5Al0.5In0.5S1Se1_stannite,1.76
Na0.5K0.5Al1S1Te1_kesterite,3.43
Na0.5K0.5Al1S1Te1_stannite,0.96
Na0.5K0.5Al1Se1Te1_kesterite,2.92
Na0.5K0.5Al1Se1Te1_stannite,1.1
Na0.5K0.5Cs0.5Ag0.5Ca0.5Zn0.5Sn0.5Ge0.5S3Se1_stannite,1.2
Na0.5K0.5Cs0.5Ag0.5Ca0.5Zn0.5Sn1S3Te1_kesterite,2.53
Na0.5K0.5Cs0.5Ag0.5Ca0.5Zn0.5Sn1S3Te1_stannite,-0.32
Na0.5K0.5Cs0.5Ag0.5Mg0.5Ca0.5Sn0.5Ge0.5S2Se1Te1_kesterite,1.05
Na0.5K0.5Cs0.5Cu0.5Ba1Sn0.5Ge0.5Se4_kesterite,-0.48
Na0.5K0.5Cs0.5Cu0.5Cd1Sn1S4_stannite,1.07
Na0.5K0.5Cu0.5Ag0.5Ca1Sn1Te4_kesterite,1.29
Na0.5K0.5Cu0.5Ag0.5Ca1Sn1Te4_stannite,1.18
Na0.5K0.5Cu0.5Ag0.5Mg0.5Sr0.5Sn0.5Ge0.5Se4_kesterite,-0.46
Na0.5K0.5Cu0.5Ag0.5Mg0.5Sr0.5Sn0.5Ge0.5Se4_stannite,1.32
Na0.5K0.5Cu0.5Ag0.5Mg1Ge1Se1Te3_kesterite,1.22
Na0.5K0.5Cu0.5Ag0.5Mg1Ge1Se1Te3_stannite,0.73
Na0.5K0.5Cu0.5Ag0.5Sr0.5Zn0.5Ge1S2Se1Te1_kesterite,1.4
Na0.5K0.5Cu0.5Ag0.5Zn1Ge1S1Se2Te1_kesterite,1.53
Na0.5K0.5Cu0.5Ag0.5Zn1Ge1S1Se2Te1_stannite,-0.29
Na0.5K0.5Cu1Ca1Ge1S1Te3_kesterite,0.83
Na0.5K0.5Cu1Ca1Ge1S1Te3_stannite,1.22
Na0.5K0.5Cu1Mg0.5Ba0.5Sn1S3Te1_kesterite,1.47
Na0.5K0.5Cu1Mg0.5Ba0.5Sn1S3Te1_stannite,1.17
Na0.5K0.5Cu1Zn1Ge1Se2Te2_kesterite,0.9
Na0.5K0.5Cu1Zn1Ge1Se2Te2_stannite,0.57
Na0.5K0.5Ga0.5In0.5S1Te1_kesterite,2.5
Na0.5K0.5Ga0.5In0.5S1Te1_stannite,0.69
Na0.5K0.5Ga0.5In0.5Se2_kesterite,2.35
Na0.5K0.5Ga0.5In0.5Se2_stannite,1.57
Na0.5K0.5Ga1S2_kesterite,3.62
Na0.5K0.5In1S1Se1_kesterite,2.45
Na0.5K0.5In1S1Se1_stannite,1.64
Na0.5K0.5In1Te2_kesterite,1.68
Na0.5K0.5In1Te2_stannite,1
Na0.5K0.5Rb0.5Ag0.5Sr0.5Cd0.5Sn0.5Ge0.5S4_kesterite,2.01
Na0.5K0.5Rb0.5Ag0.5Sr0.5Cd0.5Sn0.5Ge0.5S4_stannite,2.02
Na0.5K0.5Rb0.5Ag0.5Sr1Sn1S2Se1Te1_kesterite,2.05
Na0.5K0.5Rb0.5Ag0.5Sr1Sn1S2Se1Te1_stannite,1.66
Na0.5K0.5Rb0.5Cs0.5Mg0.5Zn0.5Sn1S2Te2_stannite,0.55
Na0.5K0.5Rb0.5Cs0.5Sr0.5Ba0.5Ge1S4_stannite,3.34
Na0.5K0.5Rb0.5Cu0.5Ca0.5Sr0.5Sn0.5Ge0.5S3Se1_stannite,0.49
Na0.5K0.5Rb0.5Cu0.5Mg0.5Ba0.5Ge1S3Te1_kesterite,0.18
Na0.5K0.5Rb0.5Cu0.5Mg0.5Ba0.5Ge1S3Te1_stannite,1.6
Na0.5K0.5Rb0.5Cu0.5Mg0.5Cd0.5Sn0.5Ge0.5S3Te1_stannite,0.32
Na0.5K0.5Rb0.5Cu0.5Mg0.5Zn0.5Sn1S2Se2_stannite,-0.53
Na0.5K0.5Rb0.5Cu0.5Sr0.5Cd0.5Sn1S4_kesterite,2.03
Na0.5K0.5Rb0.5Cu0.5Sr0.5Cd0.5Sn1S4_stannite,0
Na0.5K0.5Rb0.5Cu0.5Zn1Sn0.5Ge0.5S4_stannite,1.74
Na0.5K0.5Rb1Ba0.5Cd0.5Ge1S2Se2_stannite,1.81
Na0.5K0.5Rb1Cd1Sn0.5Ge0.5Te4_stannite,0.88
Na0.5K0.5Rb1Mg0.5Cd0.5Sn0.5Ge0.5S1Se1Te2_stannite,0.39
Na0.5K0.5Rb1Mg0.5Cd0.5Sn1S2Te2_kesterite,2.24
Na0.5K0.5Rb1Mg0.5Cd0.5Sn1S2Te2_stannite,0.74
Na0.5K0.5Rb1Mg0.5Cd0.5Sn1S4_kesterite,3.06
Na0.5K0.5Rb1Mg0.5Cd0.5Sn1S4_stannite,1.77
Na0.5K1Ag0.5Ca0.5Ba0.5Ge1S2Te2_stannite,1.83
Na0.5K1Ag0.5Cd1Ge1S2Se2_kesterite,2.4
Na0.5K1Ag0.5Cd1Ge1S2Se2_stannite,1.46
Na0.5K1Ag0.5Cd1Sn1Se1Te3_stannite,0.44
Na0.5K1Ag0.5Mg0.5Ca0.5Sn0.5Ge0.5S3Te1_stannite,0.68
Na0.5K1Ag0.5Mg0.5Ca0.5Sn1S2Se1Te1_kesterite,2.65
Na0.5K1Ag0.5Mg0.5Ca0.5Sn1S2Se1Te1_stannite,0.77
Na0.5K1Ag0.5Mg1Sn0.5Ge0.5S1Se3_kesterite,2.2
Na0.5K1Ag0.5Mg1Sn0.5Ge0.5S1Se3_stannite,1.23
Na0.5K1Ag0.5Zn0.5Cd0.5Ge1S4_kesterite,3
Na0.5K1Ag0.5Zn0.5Cd0.5Ge1S4_stannite,1.88
Na0.5K1Ag0.5Zn1Sn1Se1Te3_kesterite,1.73
Na0.5K1Ag0.5Zn1Sn1Se1Te3_stannite,0.12
Na0.5K1Cs0.5Ba1Sn0.5Ge0.5S1Se3_stannite,2.66
Na0.5K1Cs0.5Mg0.5Cd0.5Sn1S1Se2Te1_stannite,0.49
Na0.5K1Cu0.5Ca0.5Sr0.5Sn0.5Ge0.5S3Te1_stannite,1.68
Na0.5K1Cu0.5Mg0.5Ca0.5Sn0.5Ge0.5S1Se1Te2_stannite,1.31
Na0.5K1Cu0.5Mg0.5Ca0.5Sn0.5Ge0.5Te4_stannite,0.87
Na0.5K1Cu0.5Zn0.5Cd0.5Ge1S1Se3_stannite,0.93
Na0.5K1Cu0.5Zn1Sn1S2Se1Te1_kesterite,2.12
Na0.5K1Cu0.5Zn1Sn1S2Se1Te1_stannite,-0.33
Na0.5K1Rb0.5Ca0.5Cd0.5Ge1S1Te3_kesterite,2.26
Na0.5K1Rb0.5Ca0.5Cd0.5Ge1S1Te3_stannite,0.76
Na0.5K1Rb0.5Ca1Ge1S2Te2_stannite,1.3
Na0.5K1Rb0.5Cd1Sn0.5Ge0.5S3Te1_stannite,0.37
Na0.5K1Rb0.5Sr0.5Ba0.5Sn0.5Ge0.5Te4_stannite,1.56
Na0.5K1Rb0.5Sr0.5Cd0.5Sn0.5Ge0.5Se1Te3_stannite,0.9
Na0.5K1Rb0.5Zn0.5Cd0.5Ge1S1Se2Te1_stannite,0.11
Na0.5Rb0.5Ag1Ca0.5Ba0.5Sn1S1Se2Te1_stannite,1.51
Na0.5Rb0.5Ag1Ca0.5Sr0.5Ge1S2Se1Te1_kesterite,2.11
Na0.5Rb0.5Ag1Mg0.5Sr0.5Sn0.5Ge0.5S2Te2_kesterite,2.08
Na0.5Rb0.5Ag1Mg0.5Sr0.5Sn0.5Ge0.5S2Te2_stannite,1.21
Na0.5Rb0.5Ag1Sr0.5Ba0.5Ge1S1Se2Te1_kesterite,1.11
Na0.5Rb0.5Ag1Sr0.5Ba0.5Ge1S3Se1_kesterite,1.91
Na0.5Rb0.5Ag1Sr0.5Ba0.5Ge1S3Se1_stannite,2.55
Na0.5Rb0.5Al0.5In0.5S1Te1_kesterite,2.62
Na0.5Rb0.5Al0.5In0.5S1Te1_stannite,0.8
Na0.5Rb0.5Al0.5In0.5S2_kesterite,3.37
Na0.5Rb0.5Al0.5In0.5Se1Te1_kesterite,2.24
Na0.5Rb0.5Al0.5In0.5Se1Te1_stannite,0.79
Na0.5Rb0.5Al0.5In0.5Se2_kesterite,2.6
Na0.5Rb0.5Al0.5In0.5Se2_stannite,1.61
Na0.5Rb0.5Al0.5In0.5Te2_kesterite,2.1
Na0.5Rb0.5Al0.5In0.5Te2_stannite,1
Na0.5Rb0.5Cs0.5Ag0.5Ca1Sn0.5Ge0.5S2Se2_stannite,1.39
Na0.5Rb0.5Cs0.5Ag0.5Mg0.5Ba0.5Sn1S2Se1Te1_kesterite,1.65
Na0.5Rb0.5Cs0.5Cu0.5Ba1Sn1S3Se1_stannite,-0.12
Na0.5Rb0.5Cs0.5Cu0.5Ca1Ge1S1Se3_kesterite,1.31
Na0.5Rb0.5Cs0.5Cu0.5Ca1Sn1S4_stannite,-0.46
Na0.5Rb0.5Cs0.5Cu0.5Mg0.5Ca0.5Sn1S1Se1Te2_kesterite,-0.84
Na0.5Rb0.5Cs0.5Cu0.5Mg0.5Zn0.5Sn0.5Ge0.5Se1Te3_kesterite,-0.78
Na0.5Rb0.5Cs1Ca1Ge1S3Te1_stannite,0.92
Na0.5Rb0.5Cs1Mg0.5Ca0.5Ge1S1Se2Te1_kesterite,2.43
Na0.5Rb0.5Cu0.5Ag0.5Ca0.5Cd0.5Ge1Se4_kesterite,1.65
Na0.5Rb0.5Cu0.5Ag0.5Ca0.5Cd0.5Ge1Se4_stannite,1.28
Na0.5Rb0.5Cu0.5Ag0.5Ca1Sn0.5Ge0.5Te4_kesterite,1.19
Na0.5Rb0.5Cu0.5Ag0.5Mg0.5Ba0.5Ge1S2Te2_stannite,1.31
Na0.5Rb0.5Cu0.5Ag0.5Sr0.5Ba0.5Sn0.5Ge0.5S1Te3_kesterite,1.06
Na0.5Rb0.5Cu0.5Ag0.5Sr0.5Ba0.5Sn0.5Ge0.5S1Te3_stannite,1.19
Na0.5Rb0.5Cu0.5Ag0.5Zn1Sn1S3Te1_kesterite,1.16
Na0.5Rb0.5Cu1Mg0.5Ba0.5Sn0.5Ge0.5Se4_kesterite,1.58
Na0.5Rb0.5Cu1Mg0.5Ba0.5Sn0.5Ge0.5Se4_stannite,1.42
Na0.5Rb0.5Cu1Mg0.5Zn0.5Sn1S4_kesterite,-0.37
Na0.5Rb0.5Cu1Mg0.5Zn0.5Sn1S4_stannite,1.46
Na0.5Rb0.5Cu1Sr0.5Ba0.5Sn1S3Se1_stannite,2.27
Na0.5Rb0.5Cu1Sr1Sn0.5Ge0.5S2Te2_stannite,1.67
Na0.5Rb0.5Ga0.5In0.5S1Te1_kesterite,2.36
Na0.5Rb0.5Ga0.5In0.5S1Te1_stannite,0.65
Na0.5Rb0.5Ga0.5In0.5Te2_stannite,0.76
Na0.5Rb0.5Ga1S1Se1_kesterite,2.97
Na0.5Rb0.5Ga1S1Se1_stannite,1.18
Na0.5Rb0.5Ga1S1Te1_kesterite,2.53
Na0.5Rb0.5Ga1S1Te1_stannite,0.45
Na0.5Rb0.5Ga1S2_kesterite,3.63
Na0.5Rb0.5Ga1Se1Te1_kesterite,2.11
Na0.5Rb0.5Ga1Se1Te1_stannite,0.43
Na0.5Rb0.5Ga1Se2_kesterite,2.5
Na0.5Rb0.5Ga1Se2_stannite,0.91
Na0.5Rb0.5In1S2_kesterite,2.73
Na0.5Rb0.5In1S2_stannite,1.88
Na0.5Rb0.5In1Se1Te1_kesterite,1.84
Na0.5Rb0.5In1Se1Te1_stannite,0.76
Na0.5Rb0.5In1Se2_kesterite,2.07
Na0.5Rb0.5In1Se2_stannite,1.75
Na0.5Rb1Ag0.5Ca0.5Ba0.5Sn1S2Se1Te1_kesterite,2.11
Na0.5Rb1Ag0.5Ca0.5Ba0.5Sn1S2Se1Te1_stannite,1.86
Na0.5Rb1Ag0.5Ca1Sn1S3Se1_kesterite,2.62
Na0.5Rb1Ag0.5Ca1Sn1S3Se1_stannite,2.18
Na0.5Rb1Ag0.5Zn0.5Cd0.5Ge1S2Se2_kesterite,2.33
Na0.5Rb1Ag0.5Zn0.5Cd0.5Ge1S2Se2_stannite,1
Na0.5Rb1Cs0.5Ca0.5Zn0.5Sn0.5Ge0.5S4_stannite,2.06
Na0.5Rb1Cs0.5Mg0.5Sr0.5Sn0.5Ge0.5S2Se1Te1_stannite,0.77
Na0.5Rb1Cu0.5Cd1Sn1S1Te3_stannite,0.39
Na0.5Rb1Cu0.5Sr0.5Zn0.5Sn0.5Ge0.5S4_stannite,0.01
Na1.5Ag0.5Mg0.5Cd0.5Ge1Se3Te1_kesterite,1.9
Na1.5Ag0.5Mg0.5Cd0.5Ge1Se3Te1_stannite,0.63
Na1.5Ag0.5Mg0.5Cd0.5Ge1Se4_kesterite,1.7
Na1.5Ag0.5Mg0.5Cd0.5Ge1Se4_stannite,1.67
Na1.5Ag0.5Sr0.5Zn0.5Ge1S1Se3_kesterite,2.35
Na1.5Ag0.5Sr0.5Zn0.5Ge1S1Se3_stannite,1.74
Na1.5Cs0.5Sr0.5Zn0.5Sn0.5Ge0.5S2Se1Te1_stannite,0.74
Na1.5Cu0.5Ba0.5Zn0.5Sn1S2Se1Te1_stannite,0.69
Na1.5K0.5Ba1Ge1S3Te1_kesterite,2.32
Na1.5K0.5Ca0.5Ba0.5Ge1S1Se3_kesterite,2.51
Na1.5K0.5Ca0.5Ba0.5Ge1S1Se3_stannite,2.02
Na1.5K0.5Sr0.5Cd0.5Sn1S1Se3_stannite,1.93
Na1.5K0.5Zn0.5Cd0.5Ge1S1Se1Te2_kesterite,2.09
Na1.5K0.5Zn0.5Cd0.5Ge1S1Se1Te2_stannite,0.38
Na1.5Rb0.5Ca0.5Sr0.5Sn0.5Ge0.5S3Te1_kesterite,1.96
Na1.5Rb0.5Ca0.5Sr0.5Sn0.5Ge0.5S3Te1_stannite,1.37
Na1.5Rb0.5Mg0.5Zn0.5Ge1S1Te3_stannite,0.55
Na1.5Rb0.5Sr0.5Ba0.5Sn0.5Ge0.5S2Se2_kesterite,2.75
Na1Ag1Ba1Ge1S3Se1_kesterite,2.33
Na1Ag1Ba1Ge1S3Se1_stannite,2.1
Na1Ag1Ca1Ge1S3Te1_kesterite,1.04
Na1Ag1Ca1Ge1S3Te1_stannite,1.68
Na1Ag1Cd1Sn0.5Ge0.5S1Se2Te1_kesterite,1.42
Na1Ag1Cd1Sn0.5Ge0.5S1Se2Te1_stannite,0.36
Na1Al0.5In0.5S1Te1_kesterite,2.65
Na1Al0.5In0.5S1Te1_stannite,0.88
Na1Al0.5In0.5Se1Te1_kesterite,2.44
Na1Al0.5In0.5Se1Te1_stannite,1.04
Na1Al1S2_kesterite,4.76
Na1Al1S2_stannite,3.58
Na1Al1Se1Te1_kesterite,2.98
Na1Al1Se1Te1_stannite,1.27
Na1Al1Se2_kesterite,3.59
Na1Al1Se2_stannite,2.51
Na1Al1Te2_kesterite,2.87
Na1Al1Te2_stannite,1.79
Na1Cs0.5Ag0.5Ba0.5Zn0.5Sn0.5Ge0.5S2Se2_kesterite,1.45
Na1Cs0.5Ag0.5Ba0.5Zn0.5Sn0.5Ge0.5S2Se2_stannite,0.71
Na1Cs0.5Ag0.5Ca0.5Sr0.5Sn1S2Se1Te1_kesterite,1.6
Na1Cs0.5Ag0.5Ca0.5Sr0.5Sn1S2Se1Te1_stannite,1.42
Na1Cs0.5Ag0.5Mg1Ge1S3Te1_kesterite,2.72
Na1Cs0.5Ag0.5Mg1Ge1S3Te1_stannite,0.28
Na1Cs0.5Cu0.5Mg0.5Sr0.5Ge1Se4_kesterite,2.11
Na1Cs0.5Cu0.5Zn1Sn0.5Ge0.5S4_stannite,1.57
Na1Cs1Mg0.5Ca0.5Ge1S1Se2Te1_stannite,0.69
Na1Cu0.5Ag0.5Ba0.5Cd0.5Ge1S4_kesterite,0.08
Na1Cu0.5Ag0.5Ba0.5Cd0.5Ge1S4_stannite,1.31
Na1Cu0.5Ag0.5Ca0.5Sr0.5Ge1S1Se1Te2_kesterite,1.18
Na1Cu0.5Ag0.5Sr0.5Cd0.5Sn1S2Se2_stannite,1.58
Na1Cu1Ba0.5Zn0.5Sn0.5Ge0.5S1Se3_kesterite,1.52
Na1Cu1Ba0.5Zn0.5Sn0.5Ge0.5S1Se3_stannite,1.02
Na1Cu1Ca0.5Zn0.5Sn1Se2Te2_stannite,0.76
Na1Cu1Cd1Sn0.5Ge0.5S3Se1_stannite,1.24
Na1Cu1Mg0.5Sr0.5Sn1Se3Te1_stannite,1.05
Na1Ga1S1Se1_kesterite,3.1
Na1Ga1S1Se1_stannite,1.43
Na1Ga1S2_kesterite,3.8
Na1Ga1S2_stannite,2.74
Na1Ga1Se2_kesterite,2.72
Na1Ga1Se2_stannite,1.76
Na1Ga1Te2_kesterite,2.08
Na1Ga1Te2_stannite,0.92
Na1In1S2_kesterite,3.09
Na1In1S2_stannite,2.66
Na1In1Se2_kesterite,2.31
Na1In1Se2_stannite,1.78
Na1In1Te2_kesterite,1.89
Na1In1Te2_stannite,1.18
Na1K0.5Ag0.5Ba0.5Zn0.5Sn1S3Te1_kesterite,1.81
Na1K0.5Ag0.5Ba0.5Zn0.5Sn1S3Te1_stannite,-0.74
Na1K0.5Ag0.5Ba1Ge1S1Se1Te2_stannite,1.61
Na1K0.5Ag0.5Ca0.5Cd0.5Sn0.5Ge0.5S1Se1Te2_kesterite,1.3
Na1K0.5Ag0.5Mg0.5Ba0.5Sn0.5Ge0.5S3Te1_kesterite,2.15
Na1K0.5Ag0.5Mg0.5Ba0.5Sn0.5Ge0.5S3Te1_stannite,0.78
Na1K0.5Ag0.5Sr0.5Ba0.5Sn1S4_kesterite,1.77
Na1K0.5Ag0.5Sr0.5Ba0.5Sn1S4_stannite,1.73
Na1K0.5Cs0.5Ba0.5Cd0.5Ge1Se3Te1_stannite,1.63
Na1K0.5Cs0.5Sr1Ge1S1Se3_stannite,2.5
Na1K0.5Cu0.5Ba0.5Zn0.5Sn0.5Ge0.5S3Te1_stannite,1.57
Na1K0.5Cu0.5Ba0.5Zn0.5Sn1S1Te3_kesterite,1.24
Na1K0.5Cu0.5Ba0.5Zn0.5Sn1S1Te3_stannite,0.49
Na1K0.5Cu0.5Zn1Sn0.5Ge0.5S2Se1Te1_kesterite,1.97
Na1K0.5Cu0.5Zn1Sn0.5Ge0.5S2Se1Te1_stannite,-0.07
Na1K0.5Rb0.5Ba0.5Zn0.5Ge1Se4_stannite,1.53
Na1K0.5Rb0.5Ca0.5Ba0.5Sn0.5Ge0.5S1Se1Te2_stannite,1.19
Na1K0.5Rb0.5Ca0.5Sr0.5Sn0.5Ge0.5Se3Te1_stannite,1.56
Na1K0.5Rb0.5Cd1Ge1S1Se3_kesterite,2.39
Na1K0.5Rb0.5Cd1Ge1S1Se3_stannite,1.46
Na1K0.5Rb0.5Mg0.5Ca0.5Sn1S3Se1_kesterite,2.7
Na1K0.5Rb0.5Mg0.5Ca0.5Sn1S3Se1_stannite,1.95
Na1K0.5Rb0.5Mg0.5Cd0.5Sn1Te4_stannite,1.17
Na1K0.5Rb0.5Sr1Ge1S3Te1_kesterite,2.45
Na1K0.5Rb0.5Sr1Ge1S3Te1_stannite,1.56
Na1K1Zn0.5Cd0.5Sn1S1Se2Te1_stannite,0.42
Na1Rb0.5Ag0.5Ca1Ge1S1Te3_stannite,1.54
Na1Rb0.5Ag0.5Cd1Sn0.5Ge0.5S1Se1Te2_kesterite,1.54
Na1Rb0.5Ag0.5Mg0.5Ca0.5Sn0.5Ge0.5S1Te3_stannite,0.52
Na1Rb0.5Ag0.5Mg0.5Zn0.5Sn1S2Se2_kesterite,2.67
Na1Rb0.5Ag0.5Mg0.5Zn0.5Sn1S2Se2_stannite,1.26
Na1Rb0.5Ag0.5Sr0.5Zn0.5Ge1S1Se3_kesterite,1.93
Na1Rb0.5Ag0.5Sr0.5Zn0.5Ge1S1Se3_stannite,0.86
Na1Rb0.5Cs0.5Ba1Sn1Se4_kesterite,2.49
Na1Rb0.5Cs0.5Ba1Sn1Se4_stannite,2.56
Na1Rb0.5Cu0.5Ca0.5Cd0.5Sn1S3Te1_kesterite,1.93
Na1Rb0.5Cu0.5Ca0.5Cd0.5Sn1S3Te1_stannite,0.7
Na1Rb0.5Cu0.5Ca0.5Cd0.5Sn1Se4_kesterite,-0.3
Na1Rb0.5Cu0.5Ca0.5Cd0.5Sn1Se4_stannite,0.13
Na1Rb0.5Cu0.5Ca0.5Zn0.5Ge1S2Se1Te1_kesterite,2.29
Na1Rb0.5Cu0.5Ca1Sn1S3Se1_kesterite,-0.13
Na1Rb0.5Cu0.5Mg0.5Cd0.5Sn1S1Se2Te1_kesterite,1.91
Na1Rb0.5Cu0.5Mg0.5Cd0.5Sn1S1Se2Te1_stannite,0.31
Na1Rb0.5Cu0.5Mg1Sn0.5Ge0.5Te4_stannite,1.02
Na1Rb1Mg0.5Zn0.5Ge1S1Se2Te1_stannite,0.25
Na2Ba1Ge1S4_kesterite,3.37
Na2Ba1Ge1S4_stannite,3.49
Na2Ba1Ge1Se4_kesterite,2.6
Na2Ba1Ge1Se4_stannite,2.57
Na2Ba1Ge1Te4_kesterite,1.92
Na2Ba1Ge1Te4_stannite,1.19
Na2Ba1Sn1S4_kesterite,3.28
Na2Ba1Sn1S4_stannite,3.62
Na2Ba1Sn1Se4_kesterite,2.58
Na2Ba1Sn1Se4_stannite,2.79
Na2Ba1Sn1Te4_kesterite,2.06
Na2Ba1Sn1Te4_stannite,1.52
Na2Ca1Ge1S4_kesterite,3.86
Na2Ca1Ge1S4_stannite,3.4
Na2Ca1Ge1Se4_kesterite,3.02
Na2Ca1Ge1Se4_stannite,2.56
Na2Ca1Ge1Te4_kesterite,0.96
Na2Ca1Ge1Te4_stannite,1.86
Na2Ca1Sn1S4_kesterite,3.64
Na2Ca1Sn1S4_stannite,3.27
Na2Ca1Sn1Se4_kesterite,2.9
Na2Ca1Sn1Se4_stannite,2.52
Na2Ca1Sn1Te4_kesterite,2.21
Na2Ca1Sn1Te4_stannite,1.88
Na2Cd1Ge1S4_kesterite,2.44
Na2Cd1Ge1S4_stannite,1.76
Na2Cd1Ge1Se4_kesterite,2.44
Na2Cd1Ge1Se4_stannite,1.76
Na2Cd1Ge1Te4_kesterite,1.74
Na2Cd1Ge1Te4_stannite,1.05
Na2Cd1Sn1S4_kesterite,3.01
Na2Cd1Sn1S4_stannite,2.65
Na2Cd1Sn1Se4_kesterite,2.22
Na2Cd1Sn1Se4_stannite,1.81
Na2Cd1Sn1Te4_kesterite,1.71
Na2Cd1Sn1Te4_stannite,1.1
Na2Mg0.5Sr0.5Sn1S2Te2_kesterite,2.34
Na2Mg0.5Sr0.5Sn1S2Te2_stannite,1.23
Na2Mg1Ge1S3Se1_kesterite,2.88
Na2Mg1Ge1S3Se1_stannite,2
Na2Mg1Ge1S4_kesterite,3.95
Na2Mg1Ge1S4_stannite,2.96
Na2Mg1Ge1Se4_kesterite,2.89
Na2Mg1Ge1Se4_stannite,1.98
Na2Mg1Ge1Te4_kesterite,1.55
Na2Mg1Ge1Te4_stannite,1.25
Na2Mg1Sn1S4_kesterite,3.47
Na2Mg1Sn1S4_stannite,2.89
Na2Mg1Sn1Se4_kesterite,2.61
Na2Mg1Sn1Se4_stannite,2.03
Na2Mg1Sn1Te4_kesterite,1.85
Na2Mg1Sn1Te4_stannite,1.31
Na2Sr1Ge1S4_kesterite,3.62
Na2Sr1Ge1S4_stannite,3.69
Na2Sr1Ge1Se4_kesterite,2.82
Na2Sr1Ge1Se4_stannite,2.81
Na2Sr1Ge1Te4_kesterite,2.09
Na2Sr1Ge1Te4_stannite,2.1
Na2Sr1Sn1S4_kesterite,3.47
Na2Sr1Sn1S4_stannite,3.56
Na2Sr1Sn1Se4_kesterite,2.77
Na2Sr1Sn1Se4_stannite,2.75
Na2Sr1Sn1Te4_kesterite,2.19
Na2Sr1Sn1Te4_stannite,2.05
Na2Zn1Ge1S4_kesterite,3.64
Na2Zn1Ge1S4_stannite,2.59
Na2Zn1Ge1Se2Te2_kesterite,1.95
Na2Zn1Ge1Se2Te2_stannite,0.63
Na2Zn1Ge1Se4_kesterite,2.57
Na2Zn1Ge1Se4_stannite,1.58
Na2Zn1Ge1Te4_kesterite,1.56
Na2Zn1Ge1Te4_stannite,0.74
Na2Zn1Sn1S4_kesterite,3.15
Na2Zn1Sn1S4_stannite,2.54
Na2Zn1Sn1Se4_kesterite,2.3
Na2Zn1Sn1Se4_stannite,1.62
Na2Zn1Sn1Te4_kesterite,1.75
Na2Zn1Sn1Te4_stannite,0.85
Rb0.5Ag0.5Al0.5Ga0.5S1Se1_kesterite,2.37
Rb0.5Ag0.5Al0.5Ga0.5S1Se1_stannite,1.14
Rb0.5Ag0.5Al0.5Ga0.5S1Te1_kesterite,2.12
Rb0.5Ag0.5Al0.5Ga0.5S1Te1_stannite,0.49
Rb0.5Ag0.5Al0.5Ga0.5Se2_kesterite,1.98
Rb0.5Ag0.5Al0.5Ga0.5Se2_stannite,1.06
Rb0.5Ag0.5Al0.5Ga0.5Te2_kesterite,1.36
Rb0.5Ag0.5Al0.5Ga0.5Te2_stannite,0.67
Rb0.5Ag0.5Al0.5In0.5S1Se1_kesterite,2.3
Rb0.5Ag0.5Al0.5In0.5S1Se1_stannite,1.42
Rb0.5Ag0.5Al0.5In0.5Te2_kesterite,1.31
Rb0.5Ag0.5Al0.5In0.5Te2_stannite,0.79
Rb0.5Ag0.5Al1S1Te1_kesterite,2.31
Rb0.5Ag0.5Al1S1Te1_stannite,0.72
Rb0.5Ag0.5Al1S2_kesterite,3.34
Rb0.5Ag0.5Al1Te2_kesterite,1.85
Rb0.5Ag0.5Ga0.5In0.5S2_kesterite,2.22
Rb0.5Ag0.5Ga0.5In0.5S2_stannite,1.57
Rb0.5Ag0.5Ga0.5In0.5Te2_kesterite,1.05
Rb0.5Ag0.5Ga0.5In0.5Te2_stannite,0.52
Rb0.5Ag0.5Ga1S2_kesterite,2.68
Rb0.5Ag0.5Ga1Se1Te1_kesterite,1.34
Rb0.5Ag0.5Ga1Se1Te1_stannite,0.35
Rb0.5Ag0.5Ga1Te2_stannite,0.38
Rb0.5Ag1.5Sr0.5Cd0.5Ge1S1Se3_kesterite,1.72
Rb0.5Ag1.5Sr0.5Cd0.5Ge1S1Se3_stannite,1.04
Rb0.5Ag1.5Zn1Sn1S1Se3_kesterite,1.34
Rb0.5Ag1.5Zn1Sn1S1Se3_stannite,0.58
Rb0.5Cs0.5Ag1Ca0.5Zn0.5Sn0.5Ge0.5S2Se2_stannite,1.36
Rb0.5Cs0.5Ag1Ca0.5Zn0.5Sn0.5Ge0.5Se1Te3_stannite,0.63
Rb0.5Cs0.5Al0.5In0.5S2_kesterite,3.53
Rb0.5Cs0.5Al0.5In0.5Se1Te1_kesterite,2.4
Rb0.5Cs0.5Al0.5In0.5Se1Te1_stannite,0.7
Rb0.5Cs0.5Cu0.5Ag0.5Ba1Sn1S3Se1_kesterite,0.71
Rb0.5Cs0.5Cu0.5Ag0.5Ba1Sn1S3Se1_stannite,1.99
Rb0.5Cs0.5Cu0.5Ag0.5Ca1Ge1S2Se2_stannite,-0.22
Rb0.5Cs0.5Cu0.5Ag0.5Mg0.5Cd0.5Ge1S2Se1Te1_kesterite,1.54
Rb0.5Cs0.5Cu0.5Ag0.5Mg0.5Cd0.5Ge1S2Se1Te1_stannite,0.59
Rb0.5Cs0.5Ga0.5In0.5S2_kesterite,3.15
Rb0.5Cs0.5Ga0.5In0.5S2_stannite,2.17
Rb0.5Cs0.5In1S1Se1_kesterite,2.45
Rb0.5Cs0.5In1S1Se1_stannite,1.39
Rb0.5Cs0.5In1Se2_kesterite,2.14
Rb0.5Cs0.5In1Se2_stannite,1.53
Rb0.5Cs1Ag0.5Zn1Ge1S1Se3_kesterite,0.71
Rb0.5Cs1Ag0.5Zn1Ge1S1Se3_stannite,1.07
Rb0.5Cu0.5Ag1Ba0.5Cd0.5Sn0.5Ge0.5Se1Te3_kesterite,1.18
Rb0.5Cu0.5Ag1Ba0.5Cd0.5Sn0.5Ge0.5Se1Te3_stannite,0.6
Rb0.5Cu0.5Ag1Ca0.5Cd0.5Sn0.5Ge0.5Se1Te3_kesterite,1.06
Rb0.5Cu0.5Ag1Ca0.5Cd0.5Sn0.5Ge0.5Se1Te3_stannite,0.64
Rb0.5Cu0.5Ag1Ca1Sn1S2Te2_stannite,1.41
Rb0.5Cu0.5Ag1Mg0.5Sr0.5Ge1Se3Te1_stannite,0.81
Rb0.5Cu0.5Al0.5Ga0.5S1Se1_kesterite,-0.44
Rb0.5Cu0.5Al0.5Ga0.5S1Se1_stannite,1.19
Rb0.5Cu0.5Al0.5Ga0.5S1Te1_kesterite,1.91
Rb0.5Cu0.5Al0.5Ga0.5S1Te1_stannite,0.48
Rb0.5Cu0.5Al0.5Ga0.5S2_stannite,1.26
Rb0.5Cu0.5Al0.5Ga0.5Se1Te1_kesterite,1.23
Rb0.5Cu0.5Al0.5Ga0.5Se1Te1_stannite,0.65
Rb0.5Cu0.5Al0.5Ga0.5Se2_kesterite,1.27
Rb0.5Cu0.5Al0.5Ga0.5Se2_stannite,0.94
Rb0.5Cu0.5Al0.5Ga0.5Te2_kesterite,1.18
Rb0.5Cu0.5Al0.5Ga0.5Te2_stannite,0.76
Rb0.5Cu0.5Al0.5In0.5S1Te1_kesterite,1.54
Rb0.5Cu0.5Al0.5In0.5S1Te1_stannite,0.59
Rb0.5Cu0.5Al0.5In0.5S2_kesterite,2.2
Rb0.5Cu0.5Al0.5In0.5S2_stannite,1.62
Rb0.5Cu0.5Al1S1Se1_kesterite,0.72
Rb0.5Cu0.5Al1S1Se1_stannite,1.69
Rb0.5Cu0.5Al1S1Te1_kesterite,2.24
Rb0.5Cu0.5Al1S1Te1_stannite,0.72
Rb0.5Cu0.5Al1Se1Te1_kesterite,1.68
Rb0.5Cu0.5Al1Se1Te1_stannite,0.9
Rb0.5Cu0.5Ga0.5In0.5S1Te1_kesterite,1.65
Rb0.5Cu0.5Ga0.5In0.5S1Te1_stannite,0.41
Rb0.5Cu0.5Ga0.5In0.5Se1Te1_kesterite,1.03
Rb0.5Cu0.5Ga0.5In0.5Se2_kesterite,1.4
Rb0.5Cu0.5Ga0.5In0.5Se2_stannite,0.71
Rb0.5Cu0.5Ga1Te2_kesterite,1.16
Rb0.5Cu0.5Ga1Te2_stannite,0.47
Rb0.5Cu0.5In1S1Te1_stannite,0.53
Rb0.5Cu1.5Mg0.5Cd0.5Sn1S2Se2_kesterite,1.11
Rb0.5Cu1.5Mg0.5Cd0.5Sn1S2Se2_stannite,1.21
Rb0.5Cu1.5Sr0.5Cd0.5Ge1S3Te1_stannite,0.73
Rb0.5Cu1Ag0.5Ba1Ge1Se1Te3_kesterite,0.71
Rb0.5Cu1Ag0.5Ca0.5Ba0.5Sn0.5Ge0.5S3Se1_kesterite,-0.13
Rb0.5Cu1Ag0.5Ca0.5Ba0.5Sn0.5Ge0.5S3Se1_stannite,-0.15
Rb0.5Cu1Ag0.5Mg0.5Ba0.5Sn1S4_kesterite,-0.57
Rb0.5Cu1Ag0.5Mg0.5Ba0.5Sn1S4_stannite,1.58
Rb0.5Cu1Ag0.5Sr0.5Zn0.5Ge1S2Se1Te1_kesterite,1.17
Rb0.5Cu1Ag0.5Sr0.5Zn0.5Ge1S2Se1Te1_stannite,0.62
Rb1.5Ag0.5Ca0.5Sr0.5Sn1Se3Te1_kesterite,1.74
Rb1.5Ag0.5Ca0.5Sr0.5Sn1Se3Te1_stannite,1.07
Rb1.5Ag0.5Ca1Sn0.5Ge0.5S2Te2_stannite,1.67
Rb1.5Ag0.5Ca1Sn1Se2Te2_kesterite,1.97
Rb1.5Ag0.5Ca1Sn1Se2Te2_stannite,1.26
Rb1.5Ag0.5Mg0.5Ba0.5Sn1S1Se3_kesterite,2.33
Rb1.5Ag0.5Mg0.5Ba0.5Sn1S1Se3_stannite,0.99
Rb1.5Ag0.5Mg1Sn0.5Ge0.5S1Se1Te2_kesterite,1.89
Rb1.5Ag0.5Mg1Sn0.5Ge0.5S1Se1Te2_stannite,0.44
Rb1.5Cs0.5Ca0.5Zn0.5Ge1S2Te2_kesterite,2.4
Rb1.5Cu0.5Cd1Sn1S2Se1Te1_stannite,0.41
Rb1Ag1Mg0.5Sr0.5Ge1Se2Te2_kesterite,1.51
Rb1Ag1Mg0.5Sr0.5Ge1Se2Te2_stannite,0.85
Rb1Ag1Sr0.5Cd0.5Ge1S1Se1Te2_kesterite,1.29
Rb1Ag1Sr0.5Cd0.5Ge1S1Se1Te2_stannite,1
Rb1Ag1Zn0.5Cd0.5Sn0.5Ge0.5S3Se1_kesterite,2.08
Rb1Ag1Zn0.5Cd0.5Sn0.5Ge0.5S3Se1_stannite,1.15
Rb1Al0.5In0.5S1Te1_kesterite,2.65
Rb1Al1S1Se1_kesterite,4.19
Rb1Al1S2_kesterite,4.78
Rb1Al1S2_stannite,2.68
Rb1Al1Se1Te1_kesterite,3.02
Rb1Al1Se1Te1_stannite,0.87
Rb1Al1Se2_kesterite,3.59
Rb1Al1Se2_stannite,1.94
Rb1Al1Te2_kesterite,2.74
Rb1Al1Te2_stannite,1.36
Rb1Cs0.5Ag0.5Ca0.5Ba0.5Ge1Se4_kesterite,2.44
Rb1Cs0.5Ag0.5Ca0.5Ba0.5Ge1Se4_stannite,1.99
Rb1Cs1Ca0.5Sr0.5Ge1Te4_stannite,1.25
Rb1Cs1Mg0.5Ba0.5Ge1Te4_stannite,0.93
Rb1Cs1Sr0.5Zn0.5Sn0.5Ge0.5S1Se1Te2_stannite,0.7
Rb1Cu0.5Ag0.5Cd1Sn0.5Ge0.5S3Te1_stannite,0.4
Rb1Cu0.5Ag0.5Cd1Sn1S3Te1_stannite,0.42
Rb1Cu0.5Ag0.5Mg0.5Cd0.5Sn0.5Ge0.5S4_stannite,1.23
Rb1Cu0.5Ag0.5Mg0.5Sr0.5Ge1S3Se1_stannite,0.28
Rb1Cu0.5Ag0.5Mg0.5Zn0.5Sn1S3Se1_stannite,1.35
Rb1Cu0.5Ag0.5Sr0.5Cd0.5Sn0.5Ge0.5S3Te1_kesterite,1.8
Rb1Cu0.5Ag0.5Sr0.5Cd0.5Sn0.5Ge0.5S3Te1_stannite,0.67
Rb1Cu0.5Ag0.5Sr1Sn1S1Se3_kesterite,-0.75
Rb1Cu0.5Ag0.5Sr1Sn1S1Se3_stannite,0.93
Rb1Cu1Ba1Sn1S1Se3_stannite,1.76
Rb1Cu1Ca0.5Zn0.5Sn0.5Ge0.5S1Se1Te2_kesterite,1.06
Rb1Cu1Ca0.5Zn0.5Sn0.5Ge0.5S1Se1Te2_stannite,0.85
Rb1Ga1S1Se1_kesterite,3.04
Rb1Ga1S1Se1_stannite,1.16
Rb1Ga1S1Te1_kesterite,2.45
Rb1Ga1S1Te1_stannite,0.23
Rb1Ga1S2_kesterite,3.68
Rb1Ga1S2_stannite,2.17
Rb1Ga1Se2_kesterite,2.66
Rb1Ga1Se2_stannite,1.39
Rb1Ga1Te2_kesterite,1.88
Rb1Ga1Te2_stannite,0.67
Rb1In1S2_kesterite,2.93
Rb1In1S2_stannite,2.31
Rb1In1Se2_kesterite,2.13
Rb1In1Se2_stannite,1.58
Rb1In1Te2_kesterite,1.68
Rb1In1Te2_stannite,1
Rb2Ba1Ge1S4_kesterite,3.45
Rb2Ba1Ge1S4_stannite,2.91
Rb2Ba1Ge1Se4_kesterite,2.67
Rb2Ba1Ge1Se4_stannite,2.3
Rb2Ba1Ge1Te4_kesterite,1.51
Rb2Ba1Ge1Te4_stannite,1.65
Rb2Ba1Sn1S4_kesterite,3.34
Rb2Ba1Sn1S4_stannite,2.98
Rb2Ba1Sn1Se4_kesterite,2.78
Rb2Ba1Sn1Se4_stannite,2.37
Rb2Ba1Sn1Te4_kesterite,1.77
Rb2Ba1Sn1Te4_stannite,0.67
Rb2Ca1Ge1S4_kesterite,3.71
Rb2Ca1Ge1S4_stannite,2.76
Rb2Ca1Ge1Se4_kesterite,2.78
Rb2Ca1Ge1Se4_stannite,2.08
Rb2Ca1Ge1Te4_kesterite,1.57
Rb2Ca1Ge1Te4_stannite,1.42
Rb2Ca1Sn1S4_kesterite,3.76
Rb2Ca1Sn1S4_stannite,2.83
Rb2Ca1Sn1Se4_kesterite,2.99
Rb2Ca1Sn1Se4_stannite,2.15
Rb2Ca1Sn1Te4_kesterite,1.75
Rb2Ca1Sn1Te4_stannite,0.67
Rb2Cd1Ge1S4_kesterite,2.38
Rb2Cd1Ge1S4_stannite,1.46
Rb2Cd1Ge1Se4_kesterite,2.38
Rb2Cd1Ge1Se4_stannite,1.46
Rb2Cd1Ge1Te4_kesterite,1.72
Rb2Cd1Ge1Te4_stannite,0.89
Rb2Cd1Sn1S4_kesterite,2.9
Rb2Cd1Sn1S4_stannite,2.3
Rb2Cd1Sn1Se4_kesterite,2.17
Rb2Cd1Sn1Se4_stannite,1.58
Rb2Cd1Sn1Te4_kesterite,1.68
Rb2Cd1Sn1Te4_stannite,0.96
Rb2Mg1Ge1S4_kesterite,4.1
Rb2Mg1Ge1S4_stannite,2.42
Rb2Mg1Ge1Se4_kesterite,3.06
Rb2Mg1Ge1Se4_stannite,1.63
Rb2Mg1Ge1Te4_kesterite,1.67
Rb2Mg1Ge1Te4_stannite,1.03
Rb2Mg1Sn1S4_kesterite,3.6
Rb2Mg1Sn1S4_stannite,2.48
Rb2Mg1Sn1Se4_kesterite,2.75
Rb2Mg1Sn1Se4_stannite,1.74
Rb2Mg1Sn1Te4_kesterite,1.86
Rb2Mg1Sn1Te4_stannite,1.1
Rb2Sr1Ge1S4_kesterite,3.65
Rb2Sr1Ge1S4_stannite,2.85
Rb2Sr1Ge1Se4_kesterite,2.77
Rb2Sr1Ge1Se4_stannite,2.18
Rb2Sr1Ge1Te4_kesterite,1.54
Rb2Sr1Ge1Te4_stannite,1.53
Rb2Sr1Sn1S4_kesterite,3.56
Rb2Sr1Sn1S4_stannite,2.92
Rb2Sr1Sn1Se4_kesterite,2.88
Rb2Sr1Sn1Se4_stannite,2.25
Rb2Sr1Sn1Te4_kesterite,1.79
Rb2Sr1Sn1Te4_stannite,0.67
Rb2Zn1Ge1S4_kesterite,3.57
Rb2Zn1Ge1S4_stannite,2.07
Rb2Zn1Ge1Se4_kesterite,2.57
Rb2Zn1Ge1Se4_stannite,1.26
Rb2Zn1Ge1Te4_kesterite,1.6
Rb2Zn1Ge1Te4_stannite,0.56
Rb2Zn1Sn1S4_kesterite,3.08
Rb2Zn1Sn1S4_stannite,2.15
Rb2Zn1Sn1Se4_kesterite,2.29
Rb2Zn1Sn1Se4_stannite,1.4
Rb2Zn1Sn1Te4_kesterite,1.74
Rb2Zn1Sn1Te4_stannite,0.67